Unnamed: 0,Opportunity_ID,Region,Segment,Opportunity_Type,CSAT_Score,NPS_Score,Expansion_Revenue (Â£),Renewal_Status,Churn_Reason
0,1,North America,Commercial,Renewal,91,8,0,Renewed,
3,4,EMEA,Commercial,Renewal,76,8,0,Renewed,
4,5,North America,Commercial,Renewal,82,8,0,Renewed,
5,6,North America,Strategic,Renewal,55,6,0,Churned,Budget Constraints
6,7,North America,Commercial,Renewal,78,6,0,Renewed,
7,8,APAC,Strategic,Renewal,64,5,0,Renewed,
9,10,EMEA,Enterprise,Renewal,82,8,0,Renewed,
10,11,North America,SMB,Renewal,97,9,0,Renewed,
11,12,APAC,SMB,Renewal,79,7,0,Renewed,
13,14,North America,SMB,Renewal,61,5,0,Renewed,
15,16,North America,Commercial,Renewal,84,9,0,Renewed,
18,19,EMEA,SMB,Renewal,81,9,0,Renewed,
19,20,North America,Enterprise,Renewal,100,10,0,Renewed,
20,21,EMEA,Strategic,Renewal,78,8,0,Renewed,
21,22,North America,Enterprise,Renewal,66,7,0,Churned,Poor Customer Support
26,27,North America,Enterprise,Renewal,86,8,0,Renewed,
27,28,EMEA,Strategic,Renewal,73,7,0,Renewed,
29,30,North America,Enterprise,Renewal,76,6,0,Churned,Poor Customer Support
31,32,North America,Enterprise,Renewal,61,5,0,Renewed,
32,33,North America,Enterprise,Renewal,73,6,0,Renewed,
33,34,APAC,Strategic,Expansion,75,6,10000,Renewed,
34,35,APAC,Enterprise,Renewal,73,8,0,Renewed,
35,36,EMEA,Commercial,Expansion,66,7,10000,Renewed,
36,37,North America,SMB,Expansion,79,6,10000,Renewed,
39,40,EMEA,Commercial,Renewal,61,5,0,Renewed,
41,42,EMEA,Enterprise,Renewal,57,5,0,Churned,Poor Customer Support
42,43,North America,Enterprise,Renewal,85,9,0,Renewed,
44,45,North America,Strategic,Renewal,84,9,0,Renewed,
45,46,EMEA,Enterprise,Renewal,55,4,0,Renewed,
46,47,North America,SMB,Renewal,47,5,0,Renewed,
47,48,EMEA,Enterprise,Renewal,59,5,0,Renewed,
49,50,North America,SMB,Renewal,73,7,0,Renewed,
50,51,APAC,Enterprise,Expansion,92,10,100000,Renewed,
53,54,APAC,Strategic,Renewal,72,6,0,Renewed,
55,56,APAC,Enterprise,Renewal,63,7,0,Churned,Poor Customer Support
57,58,North America,Commercial,Renewal,77,7,0,Renewed,
59,60,North America,Enterprise,Expansion,73,6,5000,Renewed,
60,61,North America,SMB,Renewal,54,6,0,Renewed,
61,62,North America,Enterprise,Renewal,54,4,0,Renewed,
63,64,North America,Enterprise,Renewal,54,4,0,Renewed,
65,66,EMEA,Strategic,Renewal,100,10,0,Renewed,
66,67,North America,Commercial,Renewal,87,7,0,Renewed,
67,68,EMEA,Commercial,Expansion,66,7,5000,Renewed,
70,71,EMEA,Strategic,Renewal,91,8,0,Renewed,
72,73,North America,Commercial,Renewal,66,5,0,Renewed,
75,76,EMEA,Strategic,Renewal,91,10,0,Renewed,
76,77,EMEA,Commercial,Renewal,76,7,0,Renewed,
77,78,North America,Enterprise,Renewal,65,6,0,Renewed,
79,80,North America,Strategic,Renewal,85,9,0,Renewed,
81,82,EMEA,SMB,Renewal,77,8,0,Renewed,
84,85,North America,Enterprise,Renewal,80,8,0,Renewed,
85,86,North America,Enterprise,Renewal,78,6,0,Renewed,
86,87,EMEA,SMB,Renewal,78,8,0,Renewed,
89,90,EMEA,Commercial,Renewal,87,7,0,Renewed,
91,92,EMEA,Strategic,Renewal,100,10,0,Renewed,
92,93,EMEA,Commercial,Renewal,93,9,0,Renewed,
93,94,EMEA,Enterprise,Expansion,78,6,25000,Renewed,
94,95,EMEA,Commercial,Renewal,70,6,0,Renewed,
95,96,EMEA,Strategic,Renewal,71,8,0,Renewed,
96,97,EMEA,Enterprise,Renewal,56,4,0,Renewed,
97,98,EMEA,Enterprise,Renewal,84,9,0,Renewed,
98,99,North America,Strategic,Renewal,59,5,0,Renewed,
99,100,North America,Commercial,Renewal,69,5,0,Renewed,
101,102,EMEA,Enterprise,Renewal,85,9,0,Renewed,
102,103,North America,SMB,Renewal,71,6,0,Renewed,
103,104,EMEA,Enterprise,Renewal,67,7,0,Renewed,
104,105,APAC,Strategic,Renewal,57,6,0,Churned,Competitor Switch
106,107,EMEA,Strategic,Expansion,93,10,25000,Renewed,
107,108,EMEA,Strategic,Renewal,62,6,0,Renewed,
109,110,North America,Strategic,Renewal,66,5,0,Renewed,
110,111,North America,SMB,Renewal,48,4,0,Churned,Product Fit
111,112,North America,Commercial,Renewal,74,8,0,Renewed,
112,113,APAC,SMB,Renewal,70,8,0,Renewed,
113,114,EMEA,Strategic,Renewal,77,7,0,Renewed,
115,116,APAC,SMB,Renewal,57,5,0,Churned,Competitor Switch
116,117,EMEA,Commercial,Expansion,86,7,10000,Renewed,
117,118,North America,Enterprise,Renewal,47,5,0,Churned,Product Fit
118,119,APAC,SMB,Renewal,73,7,0,Renewed,
120,121,EMEA,Strategic,Renewal,76,8,0,Renewed,
121,122,APAC,Enterprise,Renewal,75,8,0,Renewed,
123,124,North America,Commercial,Expansion,77,6,10000,Renewed,
127,128,APAC,SMB,Expansion,86,7,100000,Renewed,
128,129,North America,Strategic,Renewal,94,8,0,Renewed,
129,130,EMEA,Commercial,Renewal,72,7,0,Renewed,
130,131,EMEA,SMB,Renewal,60,7,0,Renewed,
131,132,North America,SMB,Renewal,83,8,0,Renewed,
134,135,APAC,Enterprise,Renewal,70,7,0,Renewed,
135,136,North America,Strategic,Renewal,93,8,0,Renewed,
137,138,EMEA,Enterprise,Renewal,65,7,0,Renewed,
139,140,APAC,Strategic,Renewal,62,7,0,Renewed,
140,141,APAC,Strategic,Renewal,77,6,0,Renewed,
141,142,North America,Enterprise,Renewal,48,5,0,Renewed,
142,143,EMEA,Enterprise,Renewal,67,5,0,Renewed,
144,145,North America,Enterprise,Expansion,70,7,25000,Renewed,
146,147,EMEA,Enterprise,Renewal,78,7,0,Churned,Poor Customer Support
147,148,EMEA,Commercial,Renewal,60,5,0,Renewed,
150,151,APAC,Commercial,Renewal,61,6,0,Renewed,
151,152,North America,SMB,Renewal,92,9,0,Renewed,
153,154,EMEA,Strategic,Renewal,74,6,0,Renewed,
154,155,APAC,SMB,Renewal,87,8,0,Renewed,
155,156,North America,Commercial,Renewal,66,7,0,Churned,Pricing
156,157,EMEA,SMB,Renewal,74,7,0,Renewed,
158,159,North America,Enterprise,Expansion,78,6,50000,Renewed,
159,160,EMEA,Enterprise,Renewal,100,10,0,Renewed,
160,161,North America,Enterprise,Renewal,71,8,0,Renewed,
161,162,EMEA,Enterprise,Renewal,72,7,0,Renewed,
162,163,EMEA,Commercial,Renewal,91,10,0,Renewed,
163,164,EMEA,Strategic,Renewal,69,5,0,Renewed,
165,166,EMEA,Strategic,Renewal,79,8,0,Renewed,
166,167,North America,Enterprise,Renewal,90,9,0,Renewed,
167,168,North America,SMB,Renewal,66,6,0,Renewed,
168,169,North America,Enterprise,Renewal,80,9,0,Renewed,
169,170,EMEA,Commercial,Renewal,100,9,0,Renewed,
170,171,EMEA,Enterprise,Renewal,88,7,0,Churned,Budget Constraints
171,172,North America,SMB,Expansion,79,7,10000,Renewed,
172,173,EMEA,SMB,Renewal,71,7,0,Renewed,
173,174,North America,Strategic,Renewal,65,5,0,Renewed,
175,176,North America,Strategic,Expansion,60,7,5000,Renewed,
176,177,EMEA,Commercial,Renewal,97,10,0,Renewed,
178,179,APAC,Enterprise,Renewal,94,10,0,Renewed,
179,180,North America,Enterprise,Renewal,65,7,0,Renewed,
180,181,North America,Commercial,Renewal,80,7,0,Renewed,
183,184,APAC,Commercial,Renewal,76,7,0,Renewed,
184,185,North America,Enterprise,Renewal,92,9,0,Renewed,
186,187,EMEA,Strategic,Renewal,80,9,0,Renewed,
187,188,EMEA,Strategic,Renewal,74,6,0,Renewed,
192,193,APAC,Enterprise,Renewal,66,5,0,Renewed,
195,196,North America,Commercial,Renewal,80,9,0,Renewed,
196,197,EMEA,Enterprise,Renewal,69,7,0,Churned,Budget Constraints
197,198,APAC,Strategic,Renewal,78,8,0,Renewed,
198,199,APAC,Enterprise,Renewal,73,7,0,Renewed,
201,202,North America,SMB,Renewal,69,7,0,Renewed,
202,203,North America,Commercial,Renewal,60,6,0,Renewed,
203,204,APAC,SMB,Expansion,82,7,5000,Renewed,
204,205,EMEA,Enterprise,Renewal,75,6,0,Renewed,
205,206,North America,Strategic,Renewal,100,10,0,Renewed,
206,207,North America,Commercial,Renewal,59,5,0,Renewed,
207,208,EMEA,Strategic,Renewal,84,8,0,Renewed,
208,209,North America,Commercial,Renewal,73,7,0,Renewed,
209,210,North America,Strategic,Renewal,100,10,0,Renewed,
210,211,EMEA,Strategic,Renewal,83,7,0,Renewed,
211,212,EMEA,Strategic,Renewal,79,8,0,Renewed,
212,213,EMEA,SMB,Renewal,73,7,0,Renewed,
213,214,North America,Strategic,Renewal,64,7,0,Renewed,
216,217,North America,Strategic,Renewal,79,8,0,Churned,Product Fit
217,218,EMEA,Commercial,Renewal,54,4,0,Renewed,
219,220,EMEA,SMB,Renewal,54,6,0,Renewed,
220,221,EMEA,Enterprise,Renewal,90,8,0,Renewed,
224,225,North America,SMB,Renewal,48,4,0,Churned,Budget Constraints
226,227,APAC,Commercial,Renewal,70,8,0,Churned,Poor Customer Support
228,229,APAC,Commercial,Renewal,59,5,0,Renewed,
229,230,EMEA,Commercial,Renewal,68,5,0,Renewed,
231,232,EMEA,SMB,Renewal,77,7,0,Renewed,
232,233,EMEA,Strategic,Renewal,89,8,0,Renewed,
233,234,EMEA,Strategic,Expansion,93,8,5000,Renewed,
234,235,North America,Enterprise,Renewal,61,6,0,Renewed,
235,236,EMEA,Enterprise,Renewal,68,6,0,Renewed,
236,237,North America,Strategic,Renewal,100,10,0,Renewed,
239,240,North America,Commercial,Renewal,71,8,0,Churned,Competitor Switch
241,242,APAC,SMB,Renewal,61,6,0,Renewed,
243,244,North America,Strategic,Renewal,64,5,0,Renewed,
244,245,North America,Strategic,Renewal,71,8,0,Renewed,
245,246,APAC,Enterprise,Expansion,69,7,50000,Churned,Budget Constraints
246,247,EMEA,SMB,Renewal,71,6,0,Renewed,
247,248,APAC,Strategic,Renewal,74,7,0,Renewed,
248,249,APAC,Enterprise,Renewal,74,8,0,Renewed,
249,250,APAC,SMB,Expansion,60,7,10000,Renewed,
250,251,North America,SMB,Renewal,80,9,0,Renewed,
251,252,North America,Strategic,Renewal,76,7,0,Churned,Pricing
252,253,APAC,Enterprise,Renewal,82,9,0,Renewed,
253,254,North America,Strategic,Renewal,49,3,0,Churned,Poor Customer Support
254,255,North America,Strategic,Renewal,77,7,0,Renewed,
256,257,APAC,Enterprise,Expansion,45,3,5000,Churned,Poor Customer Support
257,258,EMEA,Commercial,Renewal,72,6,0,Renewed,
258,259,EMEA,Commercial,Renewal,84,9,0,Renewed,
259,260,North America,Commercial,Renewal,90,10,0,Renewed,
260,261,EMEA,Strategic,Renewal,80,9,0,Renewed,
262,263,North America,Strategic,Renewal,85,7,0,Renewed,
263,264,EMEA,Commercial,Renewal,70,7,0,Renewed,
265,266,EMEA,Enterprise,Renewal,67,7,0,Renewed,
267,268,EMEA,Enterprise,Renewal,100,10,0,Renewed,
269,270,North America,Enterprise,Expansion,87,7,25000,Renewed,
271,272,EMEA,Commercial,Expansion,57,5,25000,Renewed,
272,273,APAC,Enterprise,Renewal,48,3,0,Churned,Product Fit
273,274,APAC,Enterprise,Renewal,68,7,0,Renewed,
275,276,EMEA,Enterprise,Renewal,92,8,0,Renewed,
276,277,EMEA,Enterprise,Renewal,75,8,0,Churned,Budget Constraints
277,278,EMEA,Enterprise,Renewal,41,4,0,Churned,Poor Customer Support
278,279,EMEA,Enterprise,Renewal,72,6,0,Renewed,
279,280,EMEA,SMB,Renewal,74,8,0,Churned,Budget Constraints
280,281,APAC,Commercial,Renewal,38,4,0,Churned,Poor Customer Support
282,283,North America,Enterprise,Renewal,75,8,0,Renewed,
283,284,North America,SMB,Renewal,59,6,0,Renewed,
284,285,EMEA,SMB,Renewal,47,3,0,Churned,Pricing
285,286,North America,Commercial,Renewal,99,10,0,Renewed,
287,288,EMEA,Commercial,Renewal,59,4,0,Renewed,
288,289,North America,Enterprise,Renewal,64,7,0,Renewed,
290,291,North America,Enterprise,Renewal,64,5,0,Renewed,
291,292,North America,Commercial,Renewal,75,6,0,Renewed,
292,293,EMEA,Commercial,Renewal,100,10,0,Renewed,
293,294,North America,Enterprise,Expansion,57,6,25000,Renewed,
294,295,North America,SMB,Renewal,70,8,0,Churned,Budget Constraints
295,296,EMEA,SMB,Renewal,76,8,0,Renewed,
296,297,EMEA,Commercial,Renewal,61,6,0,Renewed,
297,298,North America,SMB,Renewal,70,8,0,Renewed,
298,299,EMEA,SMB,Renewal,83,9,0,Renewed,
299,300,North America,Commercial,Renewal,63,7,0,Renewed,
300,301,North America,Strategic,Renewal,69,5,0,Renewed,
301,302,EMEA,Enterprise,Expansion,68,7,10000,Renewed,
303,304,EMEA,Commercial,Renewal,73,6,0,Renewed,
305,306,APAC,Commercial,Renewal,78,6,0,Renewed,
306,307,EMEA,SMB,Renewal,83,7,0,Renewed,
310,311,EMEA,Enterprise,Renewal,100,9,0,Renewed,
311,312,North America,Strategic,Expansion,35,3,25000,Churned,Competitor Switch
312,313,North America,Enterprise,Renewal,72,8,0,Renewed,
314,315,EMEA,Strategic,Expansion,54,4,50000,Renewed,
315,316,EMEA,SMB,Renewal,69,7,0,Renewed,
317,318,North America,Commercial,Renewal,88,7,0,Churned,Budget Constraints
318,319,North America,Commercial,Renewal,92,9,0,Renewed,
319,320,North America,Commercial,Renewal,93,8,0,Renewed,
320,321,EMEA,Strategic,Renewal,93,10,0,Renewed,
321,322,EMEA,Enterprise,Expansion,72,8,75000,Churned,Competitor Switch
323,324,North America,Commercial,Renewal,95,9,0,Renewed,
325,326,EMEA,Strategic,Expansion,98,10,50000,Renewed,
326,327,EMEA,Strategic,Renewal,77,8,0,Renewed,
327,328,EMEA,SMB,Expansion,92,8,75000,Renewed,
328,329,EMEA,Enterprise,Renewal,75,8,0,Renewed,
330,331,North America,Commercial,Renewal,96,8,0,Renewed,
331,332,EMEA,SMB,Renewal,72,7,0,Renewed,
332,333,North America,Enterprise,Renewal,65,7,0,Churned,Competitor Switch
334,335,North America,SMB,Renewal,58,4,0,Renewed,
335,336,North America,Commercial,Renewal,72,8,0,Renewed,
336,337,APAC,Enterprise,Renewal,76,6,0,Churned,Poor Customer Support
337,338,EMEA,Commercial,Expansion,60,6,10000,Renewed,
338,339,EMEA,SMB,Renewal,71,6,0,Renewed,
339,340,North America,Commercial,Renewal,67,7,0,Churned,Competitor Switch
340,341,EMEA,Strategic,Renewal,58,4,0,Renewed,
341,342,EMEA,SMB,Renewal,90,10,0,Renewed,
344,345,North America,Strategic,Renewal,93,9,0,Renewed,
345,346,EMEA,Enterprise,Renewal,90,8,0,Renewed,
347,348,North America,Commercial,Renewal,73,8,0,Churned,Pricing
351,352,APAC,Strategic,Renewal,74,8,0,Renewed,
352,353,EMEA,Enterprise,Renewal,59,6,0,Churned,Pricing
353,354,North America,Strategic,Expansion,81,7,25000,Renewed,
354,355,North America,Enterprise,Renewal,77,6,0,Churned,Pricing
356,357,North America,Strategic,Renewal,100,9,0,Renewed,
358,359,APAC,Enterprise,Renewal,91,9,0,Renewed,
359,360,EMEA,SMB,Renewal,79,8,0,Renewed,
360,361,North America,SMB,Renewal,74,8,0,Renewed,
363,364,EMEA,Enterprise,Renewal,90,9,0,Renewed,
364,365,APAC,Enterprise,Renewal,61,6,0,Renewed,
366,367,APAC,SMB,Renewal,92,8,0,Renewed,
367,368,APAC,Enterprise,Renewal,58,4,0,Renewed,
368,369,North America,Commercial,Renewal,66,5,0,Renewed,
369,370,North America,Enterprise,Renewal,47,3,0,Churned,Pricing
370,371,North America,Enterprise,Renewal,84,7,0,Renewed,
371,372,North America,Strategic,Renewal,78,6,0,Renewed,
372,373,North America,Enterprise,Renewal,66,6,0,Renewed,
373,374,EMEA,Commercial,Renewal,61,6,0,Renewed,
374,375,North America,Enterprise,Renewal,95,9,0,Renewed,
375,376,North America,Commercial,Renewal,72,8,0,Churned,Pricing
376,377,EMEA,Commercial,Renewal,63,7,0,Renewed,
378,379,EMEA,Commercial,Renewal,100,9,0,Renewed,
379,380,North America,Strategic,Renewal,65,6,0,Renewed,
380,381,North America,Strategic,Renewal,92,10,0,Renewed,
381,382,EMEA,Strategic,Renewal,57,6,0,Renewed,
382,383,EMEA,Strategic,Renewal,69,6,0,Renewed,
383,384,APAC,Commercial,Renewal,82,9,0,Renewed,
385,386,EMEA,Enterprise,Renewal,74,8,0,Renewed,
386,387,North America,Commercial,Expansion,78,7,5000,Renewed,
387,388,North America,Enterprise,Renewal,66,7,0,Churned,Competitor Switch
388,389,EMEA,Enterprise,Renewal,51,5,0,Renewed,
389,390,EMEA,Enterprise,Renewal,96,10,0,Renewed,
390,391,APAC,Commercial,Renewal,67,6,0,Renewed,
391,392,EMEA,SMB,Renewal,79,8,0,Renewed,
393,394,EMEA,SMB,Renewal,85,9,0,Renewed,
394,395,North America,Strategic,Expansion,79,7,5000,Renewed,
396,397,APAC,SMB,Renewal,64,7,0,Renewed,
397,398,EMEA,SMB,Renewal,92,9,0,Renewed,
398,399,EMEA,Enterprise,Renewal,82,8,0,Renewed,
399,400,EMEA,Enterprise,Renewal,77,8,0,Renewed,
400,401,North America,Commercial,Renewal,77,6,0,Renewed,
401,402,APAC,SMB,Renewal,100,10,0,Renewed,
402,403,EMEA,Commercial,Renewal,64,5,0,Renewed,
403,404,EMEA,Commercial,Renewal,81,7,0,Renewed,
404,405,North America,Enterprise,Expansion,67,7,10000,Churned,Budget Constraints
406,407,North America,Commercial,Expansion,45,3,10000,Churned,Pricing
407,408,North America,Commercial,Renewal,45,4,0,Churned,Pricing
408,409,APAC,Strategic,Renewal,59,5,0,Renewed,
409,410,North America,Enterprise,Renewal,65,5,0,Renewed,
410,411,North America,Enterprise,Renewal,100,10,0,Renewed,
411,412,APAC,SMB,Renewal,85,9,0,Renewed,
414,415,EMEA,Enterprise,Renewal,86,8,0,Renewed,
415,416,EMEA,Strategic,Renewal,65,5,0,Renewed,
416,417,North America,Commercial,Renewal,75,8,0,Renewed,
417,418,North America,SMB,Renewal,100,10,0,Renewed,
418,419,EMEA,SMB,Renewal,56,6,0,Churned,Competitor Switch
419,420,EMEA,Commercial,Renewal,81,7,0,Renewed,
420,421,EMEA,SMB,Renewal,99,9,0,Renewed,
421,422,EMEA,SMB,Expansion,89,9,50000,Renewed,
422,423,North America,Strategic,Renewal,100,10,0,Renewed,
424,425,North America,Commercial,Renewal,78,7,0,Renewed,
425,426,EMEA,Strategic,Renewal,84,9,0,Renewed,
426,427,EMEA,SMB,Renewal,76,8,0,Churned,Pricing
427,428,APAC,Strategic,Renewal,83,7,0,Renewed,
428,429,North America,Commercial,Renewal,61,5,0,Renewed,
431,432,EMEA,Strategic,Renewal,86,7,0,Renewed,
432,433,EMEA,Strategic,Renewal,79,6,0,Renewed,
433,434,North America,Commercial,Expansion,75,6,10000,Renewed,
434,435,North America,Strategic,Renewal,100,9,0,Renewed,
435,436,EMEA,Commercial,Renewal,71,7,0,Renewed,
436,437,North America,Commercial,Renewal,93,8,0,Renewed,
438,439,EMEA,Enterprise,Expansion,94,10,10000,Renewed,
439,440,North America,SMB,Renewal,87,8,0,Renewed,
442,443,North America,Strategic,Renewal,60,7,0,Renewed,
443,444,North America,Strategic,Renewal,80,7,0,Renewed,
444,445,EMEA,Commercial,Renewal,100,9,0,Renewed,
445,446,APAC,Commercial,Expansion,47,5,5000,Renewed,
446,447,APAC,Commercial,Renewal,72,8,0,Renewed,
448,449,North America,SMB,Renewal,92,10,0,Renewed,
450,451,EMEA,Commercial,Renewal,73,7,0,Renewed,
451,452,EMEA,Strategic,Renewal,87,7,0,Renewed,
455,456,EMEA,SMB,Renewal,96,10,0,Renewed,
457,458,EMEA,Enterprise,Renewal,78,6,0,Churned,Product Fit
458,459,North America,Enterprise,Renewal,82,9,0,Renewed,
459,460,North America,Commercial,Renewal,76,6,0,Churned,Poor Customer Support
460,461,North America,Strategic,Renewal,79,7,0,Churned,Poor Customer Support
461,462,EMEA,Strategic,Renewal,100,9,0,Renewed,
462,463,EMEA,Enterprise,Expansion,74,8,50000,Churned,Pricing
463,464,EMEA,Enterprise,Renewal,69,5,0,Renewed,
465,466,North America,Commercial,Renewal,90,9,0,Renewed,
466,467,North America,Commercial,Renewal,62,6,0,Renewed,
467,468,APAC,SMB,Renewal,65,5,0,Renewed,
468,469,North America,Enterprise,Expansion,65,7,100000,Renewed,
470,471,North America,Commercial,Expansion,71,7,50000,Renewed,
471,472,APAC,Strategic,Expansion,71,7,5000,Renewed,
472,473,North America,Strategic,Renewal,85,7,0,Renewed,
473,474,APAC,Enterprise,Renewal,69,6,0,Churned,Product Fit
475,476,APAC,Strategic,Renewal,86,8,0,Renewed,
476,477,North America,SMB,Renewal,87,9,0,Renewed,
477,478,EMEA,Strategic,Renewal,65,7,0,Renewed,
478,479,APAC,SMB,Renewal,87,9,0,Renewed,
479,480,EMEA,Strategic,Renewal,89,7,0,Renewed,
480,481,EMEA,Commercial,Renewal,48,4,0,Churned,Product Fit
481,482,EMEA,Strategic,Renewal,79,6,0,Churned,Product Fit
482,483,EMEA,Strategic,Renewal,67,6,0,Renewed,
483,484,EMEA,SMB,Renewal,94,9,0,Renewed,
484,485,EMEA,Enterprise,Renewal,67,6,0,Renewed,
486,487,North America,Enterprise,Renewal,54,6,0,Renewed,
487,488,North America,Strategic,Renewal,74,6,0,Renewed,
489,490,APAC,Commercial,Renewal,61,5,0,Renewed,
490,491,EMEA,Commercial,Renewal,87,8,0,Renewed,
492,493,North America,Strategic,Renewal,62,5,0,Renewed,
496,497,EMEA,Enterprise,Renewal,74,8,0,Renewed,
497,498,North America,Strategic,Renewal,98,8,0,Renewed,
498,499,APAC,Strategic,Renewal,91,9,0,Renewed,
499,500,APAC,Commercial,Renewal,82,9,0,Renewed,
500,501,EMEA,Strategic,Renewal,73,8,0,Renewed,
501,502,EMEA,Strategic,Renewal,80,8,0,Renewed,
502,503,North America,Enterprise,Renewal,85,7,0,Churned,Pricing
503,504,EMEA,Strategic,Renewal,60,6,0,Churned,Product Fit
504,505,EMEA,Commercial,Renewal,87,7,0,Renewed,
505,506,North America,SMB,Renewal,58,4,0,Renewed,
507,508,EMEA,Commercial,Renewal,83,9,0,Renewed,
508,509,APAC,Strategic,Renewal,58,5,0,Churned,Product Fit
509,510,EMEA,Strategic,Expansion,100,10,100000,Renewed,
510,511,EMEA,SMB,Renewal,86,8,0,Renewed,
511,512,EMEA,Strategic,Renewal,51,5,0,Churned,Budget Constraints
512,513,APAC,Commercial,Renewal,74,8,0,Churned,Product Fit
514,515,North America,Enterprise,Renewal,67,6,0,Churned,Competitor Switch
515,516,North America,Strategic,Renewal,65,6,0,Renewed,
516,517,North America,SMB,Renewal,77,6,0,Renewed,
518,519,APAC,Enterprise,Renewal,61,6,0,Renewed,
519,520,North America,Enterprise,Renewal,86,8,0,Renewed,
521,522,North America,SMB,Renewal,85,9,0,Renewed,
523,524,EMEA,Commercial,Renewal,80,9,0,Renewed,
525,526,EMEA,Commercial,Renewal,74,7,0,Renewed,
527,528,North America,Strategic,Expansion,84,7,10000,Renewed,
528,529,North America,SMB,Renewal,86,7,0,Renewed,
529,530,APAC,Strategic,Renewal,81,9,0,Renewed,
530,531,EMEA,Enterprise,Renewal,55,5,0,Renewed,
531,532,APAC,Strategic,Renewal,63,6,0,Renewed,
532,533,APAC,Commercial,Renewal,70,6,0,Renewed,
533,534,EMEA,SMB,Renewal,52,4,0,Renewed,
534,535,EMEA,Enterprise,Renewal,78,6,0,Renewed,
535,536,APAC,Strategic,Renewal,96,10,0,Renewed,
536,537,EMEA,Enterprise,Renewal,93,9,0,Renewed,
538,539,EMEA,Strategic,Renewal,86,9,0,Renewed,
539,540,North America,Strategic,Renewal,85,8,0,Renewed,
540,541,APAC,Enterprise,Renewal,100,10,0,Renewed,
541,542,EMEA,Strategic,Renewal,87,8,0,Renewed,
542,543,North America,Strategic,Renewal,88,7,0,Renewed,
543,544,EMEA,Enterprise,Renewal,53,4,0,Renewed,
544,545,EMEA,SMB,Renewal,94,8,0,Renewed,
546,547,North America,SMB,Renewal,80,9,0,Renewed,
550,551,EMEA,Commercial,Expansion,73,6,100000,Churned,Poor Customer Support
551,552,APAC,SMB,Renewal,70,7,0,Renewed,
552,553,EMEA,Strategic,Renewal,66,7,0,Renewed,
554,555,APAC,SMB,Renewal,93,9,0,Renewed,
555,556,EMEA,Strategic,Renewal,74,8,0,Renewed,
558,559,EMEA,SMB,Expansion,67,6,25000,Renewed,
559,560,EMEA,Enterprise,Expansion,63,6,50000,Renewed,
561,562,North America,Enterprise,Renewal,77,8,0,Renewed,
563,564,North America,SMB,Renewal,69,7,0,Renewed,
564,565,North America,Commercial,Renewal,66,5,0,Renewed,
566,567,North America,Commercial,Renewal,54,4,0,Renewed,
567,568,EMEA,Commercial,Renewal,89,8,0,Renewed,
568,569,APAC,Strategic,Renewal,72,7,0,Churned,Pricing
570,571,EMEA,Commercial,Renewal,58,5,0,Renewed,
572,573,North America,Commercial,Renewal,70,8,0,Renewed,
575,576,APAC,Enterprise,Renewal,83,9,0,Renewed,
576,577,North America,Strategic,Renewal,75,6,0,Renewed,
577,578,APAC,Enterprise,Renewal,77,7,0,Renewed,
578,579,EMEA,Commercial,Expansion,75,6,10000,Renewed,
580,581,EMEA,SMB,Expansion,55,6,25000,Renewed,
581,582,APAC,Strategic,Renewal,89,9,0,Renewed,
585,586,North America,Enterprise,Expansion,49,5,10000,Renewed,
586,587,North America,SMB,Renewal,81,7,0,Renewed,
587,588,North America,Enterprise,Renewal,84,9,0,Renewed,
590,591,North America,Strategic,Renewal,71,7,0,Renewed,
591,592,EMEA,Strategic,Renewal,80,7,0,Renewed,
592,593,North America,Enterprise,Renewal,70,8,0,Renewed,
593,594,North America,Enterprise,Renewal,80,7,0,Renewed,
594,595,APAC,SMB,Renewal,89,7,0,Renewed,
597,598,North America,Enterprise,Renewal,63,7,0,Renewed,
598,599,North America,Commercial,Renewal,85,9,0,Renewed,
599,600,North America,SMB,Renewal,100,9,0,Renewed,
600,601,North America,Enterprise,Renewal,78,6,0,Renewed,
602,603,North America,Enterprise,Expansion,67,7,10000,Renewed,
603,604,North America,Commercial,Renewal,100,10,0,Renewed,
607,608,North America,Commercial,Renewal,76,6,0,Renewed,
608,609,EMEA,Enterprise,Expansion,78,6,10000,Renewed,
609,610,EMEA,SMB,Renewal,78,7,0,Renewed,
610,611,North America,Strategic,Renewal,81,9,0,Renewed,
611,612,EMEA,SMB,Renewal,69,7,0,Churned,Pricing
612,613,EMEA,Commercial,Renewal,77,7,0,Renewed,
613,614,North America,Enterprise,Renewal,89,9,0,Renewed,
614,615,APAC,Commercial,Renewal,69,7,0,Renewed,
615,616,APAC,SMB,Renewal,68,5,0,Renewed,
618,619,EMEA,Strategic,Renewal,70,6,0,Renewed,
622,623,North America,Commercial,Renewal,58,4,0,Renewed,
624,625,EMEA,Commercial,Expansion,64,6,10000,Renewed,
626,627,EMEA,SMB,Renewal,64,7,0,Renewed,
627,628,EMEA,Enterprise,Renewal,74,8,0,Churned,Product Fit
629,630,North America,Commercial,Renewal,87,7,0,Churned,Product Fit
630,631,EMEA,Enterprise,Renewal,96,8,0,Renewed,
631,632,APAC,Enterprise,Renewal,75,7,0,Renewed,
634,635,North America,Enterprise,Renewal,81,9,0,Renewed,
635,636,EMEA,Enterprise,Expansion,78,7,5000,Renewed,
636,637,EMEA,Strategic,Renewal,43,5,0,Renewed,
640,641,North America,Commercial,Expansion,57,5,5000,Renewed,
641,642,North America,SMB,Renewal,86,7,0,Renewed,
643,644,North America,Enterprise,Renewal,87,8,0,Renewed,
647,648,EMEA,Enterprise,Renewal,87,8,0,Renewed,
649,650,EMEA,Enterprise,Renewal,72,6,0,Churned,Product Fit
650,651,North America,Commercial,Renewal,45,5,0,Renewed,
652,653,EMEA,Commercial,Renewal,59,6,0,Churned,Pricing
654,655,EMEA,Strategic,Renewal,61,5,0,Renewed,
655,656,North America,Commercial,Renewal,84,8,0,Renewed,
657,658,North America,Strategic,Renewal,69,6,0,Churned,Competitor Switch
658,659,EMEA,Commercial,Renewal,100,10,0,Renewed,
660,661,North America,Enterprise,Renewal,97,10,0,Renewed,
662,663,EMEA,Commercial,Renewal,100,10,0,Renewed,
666,667,North America,SMB,Renewal,61,7,0,Renewed,
670,671,North America,Enterprise,Renewal,82,8,0,Renewed,
673,674,EMEA,SMB,Renewal,67,5,0,Renewed,
674,675,EMEA,Strategic,Renewal,79,6,0,Renewed,
676,677,North America,Commercial,Renewal,62,7,0,Renewed,
677,678,North America,SMB,Expansion,93,10,75000,Renewed,
680,681,EMEA,Commercial,Renewal,63,5,0,Renewed,
681,682,North America,Strategic,Renewal,45,3,0,Churned,Product Fit
682,683,North America,SMB,Expansion,100,10,50000,Renewed,
683,684,EMEA,Commercial,Renewal,81,7,0,Renewed,
685,686,EMEA,SMB,Renewal,58,6,0,Renewed,
686,687,EMEA,SMB,Renewal,72,6,0,Renewed,
687,688,North America,Commercial,Renewal,66,7,0,Churned,Product Fit
688,689,EMEA,Enterprise,Renewal,75,8,0,Churned,Pricing
689,690,North America,Commercial,Expansion,87,8,10000,Renewed,
690,691,North America,Enterprise,Renewal,84,8,0,Renewed,
691,692,EMEA,Enterprise,Renewal,78,7,0,Renewed,
692,693,EMEA,SMB,Renewal,75,7,0,Renewed,
693,694,North America,Enterprise,Renewal,91,8,0,Renewed,
694,695,North America,Strategic,Renewal,46,4,0,Churned,Poor Customer Support
696,697,North America,Enterprise,Renewal,63,5,0,Renewed,
697,698,EMEA,Commercial,Renewal,60,6,0,Renewed,
698,699,North America,Strategic,Renewal,90,9,0,Renewed,
699,700,EMEA,Strategic,Expansion,63,7,25000,Renewed,
700,701,EMEA,Enterprise,Renewal,55,4,0,Renewed,
701,702,North America,Strategic,Renewal,83,9,0,Renewed,
703,704,North America,SMB,Renewal,61,6,0,Renewed,
704,705,North America,Strategic,Renewal,69,5,0,Churned,Competitor Switch
705,706,APAC,Strategic,Renewal,100,10,0,Renewed,
707,708,EMEA,Commercial,Renewal,86,9,0,Renewed,
710,711,EMEA,Strategic,Renewal,71,6,0,Renewed,
711,712,EMEA,Enterprise,Renewal,73,8,0,Renewed,
712,713,EMEA,Commercial,Renewal,88,8,0,Renewed,
714,715,North America,SMB,Renewal,84,8,0,Renewed,
715,716,APAC,Commercial,Renewal,76,7,0,Renewed,
716,717,EMEA,Enterprise,Renewal,76,6,0,Renewed,
717,718,APAC,Strategic,Expansion,52,6,10000,Renewed,
718,719,North America,Strategic,Renewal,49,5,0,Renewed,
719,720,EMEA,SMB,Expansion,72,7,5000,Renewed,
720,721,APAC,Strategic,Renewal,65,7,0,Renewed,
721,722,North America,Strategic,Renewal,83,7,0,Renewed,
722,723,North America,Strategic,Renewal,77,7,0,Renewed,
723,724,EMEA,Enterprise,Renewal,63,6,0,Renewed,
724,725,EMEA,Commercial,Renewal,77,7,0,Renewed,
725,726,EMEA,Commercial,Renewal,68,5,0,Renewed,
726,727,North America,SMB,Expansion,100,10,10000,Renewed,
729,730,North America,Enterprise,Renewal,80,8,0,Renewed,
730,731,North America,Enterprise,Renewal,51,5,0,Renewed,
731,732,EMEA,Enterprise,Renewal,100,10,0,Renewed,
733,734,EMEA,Strategic,Expansion,65,7,25000,Renewed,
734,735,North America,Strategic,Renewal,60,6,0,Churned,Competitor Switch
735,736,APAC,Strategic,Renewal,100,9,0,Renewed,
736,737,North America,Strategic,Renewal,80,8,0,Renewed,
737,738,EMEA,Enterprise,Renewal,85,8,0,Renewed,
738,739,EMEA,Strategic,Renewal,85,9,0,Renewed,
741,742,North America,Commercial,Renewal,71,7,0,Renewed,
742,743,EMEA,SMB,Renewal,66,7,0,Renewed,
743,744,EMEA,SMB,Expansion,68,5,25000,Renewed,
744,745,North America,Enterprise,Renewal,99,10,0,Renewed,
745,746,APAC,Strategic,Renewal,78,7,0,Renewed,
746,747,North America,Enterprise,Renewal,94,8,0,Renewed,
747,748,EMEA,SMB,Renewal,73,7,0,Renewed,
748,749,APAC,Strategic,Renewal,63,7,0,Renewed,
750,751,North America,Commercial,Renewal,53,4,0,Renewed,
751,752,APAC,Enterprise,Renewal,84,7,0,Renewed,
753,754,North America,Commercial,Renewal,100,10,0,Renewed,
756,757,EMEA,Enterprise,Renewal,61,7,0,Renewed,
758,759,APAC,Enterprise,Renewal,82,7,0,Renewed,
759,760,EMEA,SMB,Expansion,54,4,10000,Renewed,
760,761,North America,SMB,Renewal,66,7,0,Renewed,
761,762,North America,SMB,Expansion,79,7,10000,Renewed,
763,764,EMEA,Commercial,Renewal,49,3,0,Churned,Competitor Switch
764,765,North America,SMB,Renewal,74,8,0,Renewed,
765,766,EMEA,Strategic,Expansion,62,6,25000,Renewed,
767,768,APAC,Commercial,Renewal,84,7,0,Renewed,
769,770,EMEA,Enterprise,Renewal,72,6,0,Renewed,
770,771,North America,SMB,Renewal,89,9,0,Renewed,
771,772,EMEA,Commercial,Renewal,70,7,0,Renewed,
772,773,North America,Strategic,Renewal,54,4,0,Renewed,
774,775,EMEA,Enterprise,Renewal,52,5,0,Renewed,
776,777,North America,SMB,Renewal,46,4,0,Churned,Competitor Switch
777,778,EMEA,SMB,Renewal,84,7,0,Renewed,
778,779,EMEA,Commercial,Renewal,100,10,0,Renewed,
779,780,EMEA,Commercial,Renewal,81,7,0,Renewed,
780,781,EMEA,SMB,Renewal,100,10,0,Renewed,
781,782,EMEA,Strategic,Renewal,92,8,0,Renewed,
782,783,North America,Strategic,Renewal,67,7,0,Renewed,
783,784,North America,Strategic,Renewal,93,8,0,Renewed,
784,785,North America,Strategic,Renewal,67,5,0,Renewed,
785,786,APAC,Commercial,Renewal,68,5,0,Renewed,
787,788,EMEA,SMB,Expansion,71,7,10000,Renewed,
788,789,EMEA,Strategic,Renewal,72,8,0,Renewed,
789,790,APAC,Strategic,Renewal,84,8,0,Renewed,
790,791,North America,Enterprise,Renewal,64,6,0,Renewed,
791,792,EMEA,Strategic,Expansion,88,7,5000,Renewed,
792,793,EMEA,Enterprise,Renewal,88,8,0,Renewed,
793,794,EMEA,Commercial,Renewal,80,7,0,Renewed,
794,795,North America,Commercial,Renewal,100,10,0,Renewed,
795,796,APAC,Enterprise,Renewal,94,9,0,Renewed,
796,797,APAC,SMB,Renewal,91,9,0,Renewed,
798,799,EMEA,Strategic,Renewal,75,7,0,Renewed,
800,801,EMEA,Strategic,Renewal,80,7,0,Renewed,
801,802,North America,Strategic,Renewal,82,7,0,Renewed,
802,803,EMEA,Strategic,Expansion,75,7,10000,Renewed,
803,804,EMEA,Strategic,Renewal,69,6,0,Churned,Budget Constraints
805,806,EMEA,Strategic,Renewal,38,4,0,Churned,Product Fit
806,807,APAC,Strategic,Renewal,85,9,0,Renewed,
807,808,APAC,SMB,Expansion,90,10,10000,Renewed,
808,809,EMEA,Enterprise,Renewal,57,6,0,Renewed,
810,811,APAC,Commercial,Renewal,84,9,0,Renewed,
812,813,North America,Enterprise,Renewal,66,5,0,Renewed,
813,814,APAC,SMB,Renewal,69,7,0,Renewed,
815,816,EMEA,Strategic,Expansion,94,10,50000,Renewed,
816,817,EMEA,Enterprise,Expansion,60,6,75000,Renewed,
819,820,North America,Commercial,Renewal,60,5,0,Renewed,
820,821,EMEA,Strategic,Renewal,100,10,0,Renewed,
821,822,North America,Commercial,Renewal,72,8,0,Churned,Competitor Switch
822,823,North America,Enterprise,Renewal,93,10,0,Renewed,
823,824,North America,Commercial,Renewal,51,5,0,Renewed,
824,825,EMEA,Commercial,Renewal,52,5,0,Renewed,
825,826,APAC,Strategic,Renewal,61,6,0,Renewed,
827,828,North America,SMB,Renewal,67,7,0,Churned,Poor Customer Support
828,829,EMEA,Commercial,Renewal,53,5,0,Renewed,
829,830,EMEA,SMB,Renewal,80,9,0,Renewed,
833,834,North America,Commercial,Renewal,81,7,0,Renewed,
834,835,EMEA,Commercial,Renewal,61,7,0,Renewed,
835,836,EMEA,Strategic,Renewal,62,6,0,Renewed,
836,837,APAC,Strategic,Renewal,64,5,0,Renewed,
837,838,North America,SMB,Renewal,57,6,0,Renewed,
838,839,EMEA,Strategic,Renewal,31,2,0,Churned,Poor Customer Support
839,840,EMEA,Commercial,Renewal,73,6,0,Renewed,
840,841,North America,Commercial,Expansion,68,5,50000,Renewed,
841,842,EMEA,Strategic,Expansion,70,8,10000,Renewed,
842,843,North America,Strategic,Renewal,59,5,0,Renewed,
843,844,APAC,Strategic,Renewal,87,9,0,Renewed,
844,845,North America,Enterprise,Renewal,100,10,0,Renewed,
845,846,EMEA,Commercial,Renewal,62,7,0,Renewed,
846,847,North America,Strategic,Expansion,95,10,25000,Renewed,
847,848,APAC,Commercial,Renewal,80,9,0,Renewed,
849,850,EMEA,Commercial,Renewal,75,7,0,Churned,Competitor Switch
850,851,North America,Enterprise,Expansion,69,7,75000,Renewed,
851,852,EMEA,Commercial,Renewal,73,6,0,Churned,Poor Customer Support
853,854,APAC,Strategic,Renewal,92,10,0,Renewed,
855,856,North America,Enterprise,Renewal,57,4,0,Churned,Product Fit
856,857,North America,Commercial,Renewal,70,7,0,Renewed,
857,858,EMEA,SMB,Expansion,93,9,25000,Renewed,
858,859,EMEA,SMB,Expansion,89,9,25000,Renewed,
862,863,EMEA,Strategic,Renewal,58,6,0,Renewed,
863,864,EMEA,Enterprise,Renewal,72,8,0,Renewed,
864,865,EMEA,Commercial,Renewal,85,7,0,Renewed,
866,867,North America,Enterprise,Renewal,84,8,0,Renewed,
867,868,North America,Strategic,Renewal,89,7,0,Renewed,
868,869,APAC,Commercial,Renewal,80,7,0,Renewed,
870,871,North America,Strategic,Renewal,83,9,0,Renewed,
871,872,North America,Strategic,Renewal,80,9,0,Renewed,
872,873,EMEA,Strategic,Renewal,98,8,0,Renewed,
873,874,EMEA,Commercial,Renewal,68,5,0,Renewed,
874,875,North America,Strategic,Renewal,75,8,0,Renewed,
878,879,North America,Enterprise,Renewal,59,6,0,Renewed,
880,881,North America,Commercial,Renewal,56,4,0,Churned,Pricing
881,882,EMEA,Strategic,Renewal,79,8,0,Renewed,
883,884,North America,SMB,Renewal,64,7,0,Churned,Poor Customer Support
884,885,EMEA,SMB,Renewal,74,6,0,Renewed,
886,887,EMEA,Enterprise,Renewal,99,8,0,Renewed,
888,889,North America,Strategic,Renewal,98,9,0,Renewed,
890,891,EMEA,Commercial,Renewal,100,9,0,Renewed,
891,892,APAC,Enterprise,Renewal,99,10,0,Renewed,
893,894,North America,Enterprise,Renewal,100,9,0,Renewed,
894,895,EMEA,SMB,Renewal,81,7,0,Churned,Budget Constraints
895,896,North America,Strategic,Renewal,61,5,0,Renewed,
896,897,North America,Enterprise,Renewal,59,5,0,Renewed,
897,898,APAC,Commercial,Renewal,95,9,0,Renewed,
898,899,North America,Commercial,Renewal,75,8,0,Renewed,
899,900,North America,SMB,Expansion,76,7,50000,Renewed,
900,901,North America,SMB,Renewal,66,5,0,Churned,Competitor Switch
901,902,North America,Strategic,Renewal,68,6,0,Renewed,
902,903,North America,SMB,Renewal,80,7,0,Churned,Pricing
903,904,EMEA,Commercial,Renewal,59,5,0,Renewed,
904,905,EMEA,Enterprise,Expansion,78,7,5000,Renewed,
905,906,APAC,SMB,Renewal,97,9,0,Renewed,
906,907,EMEA,Strategic,Expansion,42,3,10000,Churned,Pricing
907,908,North America,Commercial,Renewal,51,5,0,Renewed,
909,910,North America,Commercial,Renewal,85,7,0,Renewed,
911,912,North America,SMB,Renewal,95,8,0,Renewed,
912,913,EMEA,Enterprise,Renewal,67,7,0,Renewed,
913,914,EMEA,Strategic,Renewal,45,4,0,Churned,Competitor Switch
914,915,EMEA,Commercial,Renewal,96,10,0,Renewed,
915,916,EMEA,Enterprise,Expansion,62,7,5000,Churned,Product Fit
916,917,North America,Enterprise,Renewal,69,5,0,Churned,Product Fit
917,918,APAC,Strategic,Renewal,79,7,0,Churned,Competitor Switch
919,920,North America,Commercial,Renewal,65,5,0,Churned,Competitor Switch
920,921,APAC,Commercial,Expansion,61,5,25000,Renewed,
922,923,APAC,Strategic,Renewal,62,6,0,Renewed,
924,925,EMEA,Commercial,Renewal,100,9,0,Renewed,
925,926,North America,Strategic,Renewal,92,9,0,Renewed,
926,927,North America,Strategic,Renewal,83,8,0,Renewed,
927,928,EMEA,Strategic,Renewal,42,3,0,Churned,Pricing
929,930,North America,Commercial,Expansion,83,7,10000,Renewed,
930,931,North America,Enterprise,Renewal,82,9,0,Renewed,
931,932,EMEA,Enterprise,Renewal,55,4,0,Churned,Competitor Switch
932,933,APAC,SMB,Expansion,78,7,50000,Renewed,
933,934,EMEA,Enterprise,Renewal,90,10,0,Renewed,
934,935,North America,Enterprise,Renewal,83,8,0,Renewed,
935,936,North America,SMB,Renewal,64,7,0,Renewed,
936,937,North America,Strategic,Expansion,75,6,10000,Renewed,
937,938,APAC,Enterprise,Renewal,85,7,0,Renewed,
940,941,North America,Commercial,Renewal,75,6,0,Renewed,
941,942,EMEA,Enterprise,Renewal,93,9,0,Renewed,
943,944,EMEA,Enterprise,Renewal,80,9,0,Renewed,
945,946,North America,SMB,Expansion,86,8,10000,Renewed,
950,951,EMEA,Strategic,Renewal,87,9,0,Renewed,
951,952,EMEA,Enterprise,Renewal,58,4,0,Churned,Competitor Switch
952,953,North America,Enterprise,Renewal,75,7,0,Renewed,
954,955,EMEA,Strategic,Renewal,70,6,0,Renewed,
956,957,EMEA,Enterprise,Renewal,90,9,0,Renewed,
958,959,North America,Commercial,Renewal,81,7,0,Renewed,
960,961,North America,SMB,Renewal,72,7,0,Renewed,
961,962,EMEA,Commercial,Renewal,55,5,0,Renewed,
962,963,North America,Commercial,Renewal,51,6,0,Renewed,
964,965,North America,Strategic,Renewal,79,6,0,Churned,Budget Constraints
965,966,North America,Enterprise,Renewal,64,7,0,Renewed,
966,967,EMEA,Enterprise,Expansion,84,9,5000,Renewed,
968,969,EMEA,Strategic,Expansion,50,4,10000,Churned,Poor Customer Support
969,970,EMEA,Enterprise,Renewal,98,9,0,Renewed,
970,971,EMEA,Commercial,Renewal,84,9,0,Renewed,
972,973,EMEA,Strategic,Renewal,76,6,0,Renewed,
974,975,North America,Commercial,Renewal,100,10,0,Renewed,
975,976,North America,SMB,Renewal,89,9,0,Renewed,
976,977,EMEA,Strategic,Renewal,67,7,0,Renewed,
977,978,North America,SMB,Renewal,76,8,0,Renewed,
978,979,EMEA,Enterprise,Renewal,45,4,0,Churned,Competitor Switch
979,980,EMEA,Strategic,Renewal,90,10,0,Renewed,
980,981,North America,Commercial,Expansion,70,7,5000,Renewed,
981,982,EMEA,Commercial,Renewal,45,5,0,Renewed,
984,985,EMEA,Enterprise,Renewal,57,4,0,Renewed,
985,986,EMEA,Strategic,Renewal,88,9,0,Renewed,
990,991,EMEA,SMB,Expansion,99,8,10000,Renewed,
991,992,EMEA,Strategic,Renewal,75,6,0,Renewed,
992,993,North America,Enterprise,Renewal,60,5,0,Churned,Pricing
994,995,North America,SMB,Renewal,53,5,0,Renewed,
996,997,APAC,SMB,Renewal,96,8,0,Renewed,
997,998,North America,Commercial,Renewal,81,9,0,Renewed,
999,1000,EMEA,Strategic,Renewal,70,7,0,Renewed,
1000,1001,North America,Enterprise,Renewal,66,5,0,Renewed,
1001,1002,EMEA,Strategic,Renewal,85,8,0,Renewed,
1003,1004,EMEA,Enterprise,Renewal,84,8,0,Renewed,
1005,1006,EMEA,Strategic,Renewal,61,6,0,Churned,Pricing
1008,1009,North America,Enterprise,Renewal,57,6,0,Renewed,
1009,1010,EMEA,SMB,Renewal,58,4,0,Churned,Pricing
1010,1011,North America,Enterprise,Renewal,67,6,0,Renewed,
1012,1013,APAC,Commercial,Renewal,64,6,0,Renewed,
1014,1015,EMEA,Enterprise,Renewal,99,9,0,Renewed,
1015,1016,APAC,Commercial,Renewal,67,5,0,Renewed,
1016,1017,North America,Enterprise,Renewal,56,5,0,Renewed,
1017,1018,EMEA,Commercial,Renewal,57,5,0,Renewed,
1018,1019,APAC,SMB,Renewal,72,8,0,Renewed,
1021,1022,North America,Commercial,Renewal,47,3,0,Churned,Budget Constraints
1022,1023,APAC,Enterprise,Expansion,74,8,5000,Churned,Competitor Switch
1024,1025,APAC,SMB,Expansion,54,4,10000,Churned,Competitor Switch
1025,1026,EMEA,Commercial,Renewal,92,8,0,Renewed,
1026,1027,APAC,Strategic,Renewal,76,6,0,Renewed,
1027,1028,EMEA,Enterprise,Renewal,100,10,0,Renewed,
1029,1030,EMEA,Enterprise,Renewal,71,8,0,Renewed,
1030,1031,North America,SMB,Renewal,28,3,0,Churned,Budget Constraints
1031,1032,EMEA,Commercial,Renewal,96,10,0,Renewed,
1032,1033,North America,Strategic,Renewal,82,8,0,Renewed,
1034,1035,North America,Commercial,Renewal,84,8,0,Renewed,
1035,1036,EMEA,Commercial,Renewal,59,5,0,Renewed,
1037,1038,EMEA,Strategic,Expansion,74,6,5000,Renewed,
1039,1040,North America,Enterprise,Expansion,77,7,50000,Renewed,
1041,1042,EMEA,Strategic,Renewal,71,6,0,Churned,Product Fit
1042,1043,North America,SMB,Renewal,48,5,0,Churned,Competitor Switch
1046,1047,North America,Commercial,Renewal,100,9,0,Renewed,
1047,1048,North America,Commercial,Renewal,87,7,0,Renewed,
1048,1049,APAC,Commercial,Renewal,81,8,0,Renewed,
1049,1050,North America,Commercial,Renewal,94,10,0,Renewed,
1050,1051,APAC,Commercial,Renewal,84,9,0,Renewed,
1052,1053,APAC,Commercial,Renewal,64,6,0,Renewed,
1053,1054,EMEA,Commercial,Renewal,93,10,0,Renewed,
1054,1055,APAC,Enterprise,Renewal,87,9,0,Renewed,
1056,1057,EMEA,Enterprise,Renewal,65,7,0,Renewed,
1057,1058,EMEA,SMB,Renewal,86,8,0,Renewed,
1058,1059,EMEA,SMB,Renewal,71,8,0,Renewed,
1059,1060,EMEA,Strategic,Renewal,78,6,0,Renewed,
1060,1061,APAC,Commercial,Expansion,83,7,10000,Renewed,
1061,1062,APAC,SMB,Expansion,95,10,10000,Renewed,
1062,1063,EMEA,Enterprise,Renewal,65,6,0,Renewed,
1063,1064,EMEA,Enterprise,Renewal,80,8,0,Renewed,
1065,1066,EMEA,Commercial,Renewal,100,10,0,Renewed,
1066,1067,North America,SMB,Renewal,72,8,0,Renewed,
1067,1068,North America,Strategic,Renewal,77,8,0,Renewed,
1068,1069,North America,Commercial,Expansion,100,9,100000,Renewed,
1069,1070,North America,Enterprise,Renewal,84,8,0,Renewed,
1070,1071,North America,Enterprise,Renewal,52,4,0,Renewed,
1072,1073,North America,Commercial,Renewal,63,5,0,Churned,Pricing
1073,1074,North America,Commercial,Renewal,85,8,0,Renewed,
1074,1075,APAC,Enterprise,Expansion,81,9,5000,Renewed,
1075,1076,EMEA,Strategic,Renewal,77,8,0,Renewed,
1077,1078,EMEA,SMB,Renewal,100,9,0,Renewed,
1078,1079,North America,SMB,Renewal,65,5,0,Renewed,
1079,1080,APAC,Strategic,Renewal,73,6,0,Renewed,
1080,1081,EMEA,Enterprise,Renewal,45,3,0,Churned,Competitor Switch
1081,1082,North America,Strategic,Renewal,92,9,0,Renewed,
1083,1084,APAC,Enterprise,Renewal,63,5,0,Renewed,
1084,1085,APAC,Enterprise,Renewal,90,8,0,Renewed,
1085,1086,EMEA,Enterprise,Renewal,89,9,0,Renewed,
1087,1088,North America,SMB,Renewal,100,10,0,Renewed,
1088,1089,APAC,Enterprise,Renewal,84,9,0,Renewed,
1089,1090,North America,Commercial,Renewal,69,6,0,Renewed,
1090,1091,APAC,Enterprise,Renewal,81,8,0,Renewed,
1091,1092,EMEA,Strategic,Renewal,63,7,0,Churned,Budget Constraints
1093,1094,EMEA,Strategic,Renewal,79,8,0,Renewed,
1094,1095,North America,SMB,Renewal,71,6,0,Churned,Product Fit
1095,1096,North America,Enterprise,Renewal,73,6,0,Renewed,
1097,1098,North America,SMB,Renewal,61,6,0,Renewed,
1098,1099,EMEA,SMB,Renewal,79,7,0,Churned,Competitor Switch
1099,1100,North America,Commercial,Renewal,87,7,0,Renewed,
1100,1101,North America,SMB,Renewal,50,6,0,Churned,Product Fit
1101,1102,APAC,Enterprise,Renewal,64,5,0,Renewed,
1102,1103,APAC,Strategic,Renewal,77,7,0,Churned,Product Fit
1103,1104,APAC,Commercial,Renewal,39,3,0,Churned,Competitor Switch
1104,1105,APAC,Commercial,Renewal,100,9,0,Renewed,
1105,1106,North America,Commercial,Renewal,64,5,0,Renewed,
1106,1107,North America,Enterprise,Renewal,60,5,0,Renewed,
1107,1108,EMEA,SMB,Renewal,71,7,0,Renewed,
1109,1110,North America,Enterprise,Expansion,77,8,10000,Renewed,
1110,1111,EMEA,Enterprise,Expansion,63,5,10000,Churned,Poor Customer Support
1114,1115,EMEA,SMB,Renewal,89,8,0,Renewed,
1116,1117,North America,Enterprise,Renewal,80,8,0,Renewed,
1117,1118,APAC,SMB,Renewal,62,6,0,Renewed,
1119,1120,North America,Commercial,Renewal,67,5,0,Renewed,
1120,1121,APAC,Commercial,Renewal,52,4,0,Renewed,
1121,1122,APAC,Commercial,Expansion,56,6,25000,Renewed,
1122,1123,APAC,SMB,Renewal,80,8,0,Renewed,
1123,1124,EMEA,Enterprise,Renewal,62,5,0,Renewed,
1124,1125,EMEA,Enterprise,Expansion,100,10,10000,Renewed,
1126,1127,North America,Enterprise,Renewal,76,7,0,Renewed,
1127,1128,EMEA,SMB,Renewal,54,6,0,Churned,Budget Constraints
1128,1129,North America,Strategic,Renewal,57,4,0,Renewed,
1130,1131,EMEA,Strategic,Renewal,90,8,0,Renewed,
1131,1132,EMEA,Strategic,Renewal,73,7,0,Renewed,
1132,1133,North America,Strategic,Renewal,89,8,0,Renewed,
1133,1134,North America,Enterprise,Renewal,69,7,0,Renewed,
1134,1135,EMEA,Commercial,Expansion,66,7,100000,Renewed,
1135,1136,North America,Enterprise,Renewal,91,10,0,Renewed,
1137,1138,EMEA,Enterprise,Renewal,62,7,0,Renewed,
1139,1140,EMEA,SMB,Expansion,82,9,75000,Renewed,
1140,1141,EMEA,Commercial,Renewal,71,8,0,Renewed,
1141,1142,North America,Strategic,Renewal,88,8,0,Renewed,
1142,1143,EMEA,Enterprise,Renewal,100,10,0,Renewed,
1144,1145,North America,Commercial,Renewal,69,6,0,Renewed,
1149,1150,APAC,Enterprise,Renewal,66,6,0,Churned,Poor Customer Support
1150,1151,EMEA,Enterprise,Renewal,84,7,0,Renewed,
1151,1152,EMEA,Commercial,Renewal,58,5,0,Renewed,
1152,1153,EMEA,Enterprise,Expansion,99,9,10000,Renewed,
1155,1156,EMEA,Enterprise,Renewal,96,10,0,Renewed,
1156,1157,North America,Strategic,Renewal,60,6,0,Renewed,
1158,1159,APAC,Strategic,Renewal,51,6,0,Renewed,
1159,1160,North America,Commercial,Renewal,57,6,0,Renewed,
1161,1162,North America,SMB,Renewal,57,6,0,Churned,Product Fit
1162,1163,North America,Commercial,Renewal,87,7,0,Renewed,
1163,1164,EMEA,Enterprise,Renewal,98,10,0,Renewed,
1164,1165,North America,SMB,Renewal,86,8,0,Renewed,
1165,1166,EMEA,Enterprise,Expansion,71,8,10000,Renewed,
1166,1167,EMEA,Strategic,Renewal,80,9,0,Renewed,
1167,1168,EMEA,SMB,Renewal,61,7,0,Renewed,
1168,1169,North America,Strategic,Renewal,91,8,0,Renewed,
1170,1171,EMEA,Enterprise,Renewal,81,8,0,Renewed,
1171,1172,APAC,Commercial,Renewal,86,7,0,Renewed,
1172,1173,EMEA,SMB,Renewal,64,6,0,Churned,Pricing
1173,1174,North America,SMB,Renewal,72,6,0,Renewed,
1174,1175,EMEA,SMB,Renewal,85,8,0,Renewed,
1177,1178,North America,Strategic,Renewal,96,8,0,Renewed,
1178,1179,EMEA,Strategic,Renewal,65,7,0,Renewed,
1179,1180,EMEA,Enterprise,Expansion,86,7,10000,Renewed,
1180,1181,APAC,SMB,Renewal,64,5,0,Renewed,
1182,1183,EMEA,Commercial,Renewal,100,10,0,Renewed,
1183,1184,APAC,Commercial,Expansion,68,7,25000,Renewed,
1185,1186,APAC,Enterprise,Expansion,84,8,10000,Renewed,
1187,1188,North America,Commercial,Renewal,77,7,0,Renewed,
1188,1189,North America,Strategic,Expansion,100,10,10000,Renewed,
1189,1190,EMEA,Strategic,Renewal,78,6,0,Renewed,
1190,1191,North America,Commercial,Renewal,67,6,0,Renewed,
1193,1194,EMEA,Commercial,Expansion,84,7,10000,Renewed,
1194,1195,North America,Commercial,Renewal,84,7,0,Renewed,
1197,1198,APAC,Strategic,Renewal,72,7,0,Churned,Budget Constraints
1198,1199,EMEA,SMB,Renewal,58,5,0,Renewed,
1199,1200,North America,Commercial,Renewal,67,5,0,Churned,Competitor Switch
1200,1201,EMEA,Enterprise,Renewal,88,9,0,Renewed,
1201,1202,North America,Enterprise,Expansion,48,5,10000,Renewed,
1204,1205,EMEA,Enterprise,Expansion,71,6,10000,Churned,Budget Constraints
1205,1206,EMEA,Strategic,Renewal,89,8,0,Renewed,
1207,1208,EMEA,Enterprise,Renewal,73,6,0,Renewed,
1209,1210,APAC,Enterprise,Renewal,100,9,0,Renewed,
1210,1211,EMEA,SMB,Expansion,48,4,5000,Churned,Product Fit
1211,1212,EMEA,Enterprise,Renewal,60,7,0,Renewed,
1212,1213,North America,SMB,Renewal,40,3,0,Churned,Pricing
1214,1215,EMEA,Commercial,Renewal,100,10,0,Renewed,
1216,1217,North America,SMB,Renewal,60,7,0,Renewed,
1218,1219,EMEA,Enterprise,Renewal,45,4,0,Churned,Product Fit
1219,1220,North America,Enterprise,Renewal,65,5,0,Renewed,
1220,1221,APAC,Enterprise,Renewal,54,4,0,Renewed,
1221,1222,North America,SMB,Renewal,65,7,0,Renewed,
1222,1223,EMEA,SMB,Renewal,75,8,0,Churned,Product Fit
1223,1224,APAC,SMB,Renewal,87,8,0,Renewed,
1224,1225,EMEA,SMB,Renewal,72,8,0,Renewed,
1225,1226,EMEA,Strategic,Renewal,75,7,0,Renewed,
1226,1227,North America,Commercial,Renewal,66,5,0,Renewed,
1228,1229,APAC,SMB,Renewal,52,5,0,Renewed,
1229,1230,EMEA,Commercial,Renewal,47,5,0,Renewed,
1231,1232,North America,Enterprise,Renewal,69,5,0,Renewed,
1233,1234,North America,SMB,Renewal,76,7,0,Renewed,
1234,1235,EMEA,Commercial,Renewal,68,5,0,Renewed,
1235,1236,North America,Commercial,Renewal,47,4,0,Churned,Poor Customer Support
1238,1239,APAC,Enterprise,Renewal,78,8,0,Churned,Poor Customer Support
1239,1240,North America,Enterprise,Renewal,99,10,0,Renewed,
1240,1241,APAC,Commercial,Expansion,73,6,25000,Renewed,
1241,1242,EMEA,Commercial,Renewal,66,5,0,Churned,Product Fit
1242,1243,EMEA,Enterprise,Renewal,74,6,0,Renewed,
1243,1244,EMEA,Enterprise,Expansion,58,5,25000,Renewed,
1245,1246,EMEA,SMB,Renewal,57,6,0,Renewed,
1248,1249,APAC,Strategic,Renewal,81,7,0,Renewed,
1249,1250,EMEA,Enterprise,Renewal,89,7,0,Renewed,
1250,1251,EMEA,Enterprise,Renewal,72,6,0,Renewed,
1251,1252,EMEA,SMB,Expansion,45,4,25000,Churned,Pricing
1253,1254,North America,SMB,Renewal,80,7,0,Renewed,
1255,1256,EMEA,SMB,Renewal,100,9,0,Renewed,
1256,1257,North America,Enterprise,Renewal,71,7,0,Renewed,
1257,1258,EMEA,Commercial,Renewal,72,7,0,Churned,Product Fit
1258,1259,North America,Commercial,Renewal,61,5,0,Renewed,
1260,1261,North America,Commercial,Renewal,82,7,0,Renewed,
1262,1263,North America,Commercial,Renewal,64,6,0,Renewed,
1263,1264,EMEA,SMB,Renewal,90,10,0,Renewed,
1264,1265,North America,Strategic,Expansion,65,6,25000,Renewed,
1265,1266,North America,SMB,Renewal,80,9,0,Renewed,
1266,1267,North America,Enterprise,Renewal,74,6,0,Renewed,
1267,1268,EMEA,Enterprise,Renewal,98,8,0,Renewed,
1269,1270,North America,Enterprise,Renewal,81,9,0,Renewed,
1270,1271,EMEA,Commercial,Renewal,95,9,0,Renewed,
1271,1272,APAC,SMB,Renewal,76,6,0,Renewed,
1272,1273,EMEA,Enterprise,Renewal,72,8,0,Renewed,
1274,1275,EMEA,Strategic,Renewal,74,7,0,Churned,Pricing
1275,1276,North America,Strategic,Renewal,63,7,0,Renewed,
1276,1277,North America,Strategic,Renewal,82,8,0,Renewed,
1277,1278,APAC,Enterprise,Renewal,64,6,0,Renewed,
1278,1279,North America,Commercial,Expansion,76,7,5000,Renewed,
1279,1280,EMEA,Strategic,Renewal,87,8,0,Renewed,
1280,1281,EMEA,Enterprise,Expansion,98,10,5000,Renewed,
1281,1282,EMEA,SMB,Renewal,77,8,0,Renewed,
1282,1283,EMEA,Strategic,Renewal,87,9,0,Renewed,
1284,1285,North America,Enterprise,Renewal,86,9,0,Renewed,
1286,1287,North America,Commercial,Expansion,69,7,75000,Renewed,
1287,1288,North America,Strategic,Renewal,100,10,0,Renewed,
1288,1289,North America,Strategic,Renewal,66,5,0,Renewed,
1290,1291,North America,SMB,Renewal,76,6,0,Renewed,
1291,1292,North America,Strategic,Renewal,96,10,0,Renewed,
1292,1293,EMEA,Commercial,Renewal,96,10,0,Renewed,
1293,1294,EMEA,Enterprise,Renewal,75,6,0,Renewed,
1295,1296,North America,SMB,Renewal,89,8,0,Renewed,
1296,1297,North America,Enterprise,Renewal,71,8,0,Renewed,
1298,1299,EMEA,Commercial,Renewal,67,6,0,Renewed,
1299,1300,EMEA,Strategic,Renewal,56,4,0,Renewed,
1301,1302,APAC,Strategic,Renewal,85,7,0,Renewed,
1304,1305,EMEA,Commercial,Renewal,87,9,0,Renewed,
1305,1306,APAC,Commercial,Renewal,66,6,0,Renewed,
1306,1307,EMEA,Commercial,Renewal,79,8,0,Renewed,
1307,1308,EMEA,SMB,Renewal,100,9,0,Renewed,
1310,1311,North America,Enterprise,Renewal,92,9,0,Renewed,
1312,1313,EMEA,Enterprise,Expansion,61,7,5000,Churned,Product Fit
1313,1314,EMEA,SMB,Expansion,90,10,10000,Renewed,
1314,1315,EMEA,Commercial,Renewal,61,7,0,Churned,Pricing
1315,1316,EMEA,Enterprise,Renewal,31,2,0,Churned,Budget Constraints
1316,1317,EMEA,Enterprise,Renewal,74,8,0,Renewed,
1317,1318,EMEA,SMB,Expansion,98,9,25000,Renewed,
1318,1319,North America,Strategic,Renewal,95,10,0,Renewed,
1319,1320,North America,Strategic,Renewal,80,7,0,Renewed,
1320,1321,North America,Enterprise,Renewal,66,7,0,Renewed,
1321,1322,North America,SMB,Renewal,82,7,0,Renewed,
1322,1323,APAC,Strategic,Renewal,70,6,0,Renewed,
1323,1324,North America,Enterprise,Expansion,67,6,10000,Renewed,
1324,1325,APAC,Strategic,Renewal,90,9,0,Renewed,
1325,1326,North America,Strategic,Renewal,67,7,0,Renewed,
1326,1327,North America,Strategic,Renewal,91,8,0,Renewed,
1327,1328,EMEA,Enterprise,Renewal,66,5,0,Renewed,
1328,1329,EMEA,SMB,Renewal,100,10,0,Renewed,
1329,1330,EMEA,Enterprise,Renewal,50,5,0,Renewed,
1330,1331,EMEA,Enterprise,Renewal,60,7,0,Renewed,
1331,1332,EMEA,Enterprise,Renewal,72,6,0,Renewed,
1332,1333,North America,SMB,Renewal,45,4,0,Churned,Competitor Switch
1333,1334,APAC,SMB,Renewal,36,4,0,Churned,Budget Constraints
1334,1335,APAC,Strategic,Expansion,45,3,10000,Churned,Competitor Switch
1335,1336,EMEA,Enterprise,Expansion,70,6,75000,Renewed,
1336,1337,North America,Strategic,Renewal,70,7,0,Renewed,
1337,1338,EMEA,Strategic,Renewal,79,8,0,Renewed,
1338,1339,North America,Enterprise,Expansion,72,7,10000,Renewed,
1339,1340,North America,Enterprise,Renewal,79,8,0,Renewed,
1341,1342,EMEA,Enterprise,Expansion,68,5,5000,Renewed,
1342,1343,APAC,Enterprise,Renewal,85,9,0,Renewed,
1343,1344,EMEA,SMB,Renewal,83,9,0,Renewed,
1344,1345,EMEA,Enterprise,Expansion,70,8,10000,Renewed,
1345,1346,EMEA,Enterprise,Renewal,82,9,0,Renewed,
1346,1347,North America,Commercial,Renewal,72,8,0,Renewed,
1347,1348,North America,Commercial,Renewal,52,5,0,Renewed,
1348,1349,APAC,Commercial,Renewal,88,9,0,Renewed,
1351,1352,EMEA,Commercial,Expansion,61,7,50000,Renewed,
1352,1353,EMEA,Strategic,Renewal,88,7,0,Renewed,
1353,1354,EMEA,Enterprise,Renewal,79,8,0,Renewed,
1354,1355,EMEA,SMB,Renewal,73,6,0,Renewed,
1355,1356,APAC,SMB,Renewal,46,4,0,Churned,Product Fit
1356,1357,APAC,Enterprise,Renewal,98,9,0,Renewed,
1357,1358,EMEA,Commercial,Expansion,69,7,10000,Renewed,
1359,1360,EMEA,Enterprise,Renewal,84,8,0,Renewed,
1361,1362,North America,Commercial,Renewal,73,8,0,Renewed,
1362,1363,EMEA,Enterprise,Renewal,70,7,0,Renewed,
1364,1365,EMEA,Strategic,Renewal,77,8,0,Renewed,
1365,1366,North America,Enterprise,Expansion,75,8,25000,Renewed,
1367,1368,APAC,Commercial,Renewal,70,6,0,Renewed,
1369,1370,North America,Enterprise,Renewal,74,6,0,Renewed,
1370,1371,APAC,Commercial,Renewal,81,7,0,Renewed,
1371,1372,North America,Enterprise,Renewal,82,7,0,Churned,Competitor Switch
1372,1373,APAC,Commercial,Renewal,75,8,0,Renewed,
1374,1375,North America,Strategic,Renewal,84,8,0,Renewed,
1376,1377,EMEA,Strategic,Renewal,68,7,0,Churned,Budget Constraints
1377,1378,EMEA,SMB,Renewal,100,9,0,Renewed,
1379,1380,EMEA,Enterprise,Renewal,97,8,0,Renewed,
1380,1381,North America,Commercial,Renewal,86,8,0,Renewed,
1381,1382,North America,Commercial,Renewal,45,3,0,Churned,Pricing
1382,1383,APAC,SMB,Renewal,84,9,0,Renewed,
1383,1384,North America,Commercial,Renewal,69,7,0,Renewed,
1385,1386,North America,Strategic,Renewal,60,7,0,Renewed,
1386,1387,EMEA,Commercial,Renewal,69,7,0,Renewed,
1387,1388,North America,Enterprise,Expansion,61,7,5000,Renewed,
1388,1389,APAC,SMB,Renewal,82,8,0,Renewed,
1390,1391,North America,Commercial,Renewal,99,10,0,Renewed,
1391,1392,North America,Strategic,Renewal,87,7,0,Renewed,
1393,1394,EMEA,Commercial,Renewal,100,9,0,Renewed,
1395,1396,EMEA,Strategic,Renewal,51,4,0,Renewed,
1396,1397,EMEA,Strategic,Renewal,67,5,0,Renewed,
1397,1398,North America,Strategic,Renewal,60,6,0,Renewed,
1398,1399,EMEA,Commercial,Renewal,93,8,0,Renewed,
1400,1401,North America,SMB,Renewal,71,7,0,Renewed,
1401,1402,North America,SMB,Expansion,77,6,50000,Renewed,
1402,1403,North America,Strategic,Expansion,84,8,5000,Renewed,
1403,1404,EMEA,Commercial,Renewal,53,5,0,Renewed,
1404,1405,EMEA,Enterprise,Renewal,65,6,0,Renewed,
1406,1407,EMEA,Strategic,Expansion,89,7,5000,Renewed,
1407,1408,EMEA,Strategic,Renewal,66,6,0,Renewed,
1408,1409,EMEA,Commercial,Renewal,49,5,0,Renewed,
1409,1410,APAC,SMB,Renewal,61,7,0,Renewed,
1411,1412,North America,SMB,Renewal,70,6,0,Renewed,
1413,1414,North America,Commercial,Renewal,77,8,0,Renewed,
1414,1415,EMEA,Strategic,Renewal,73,8,0,Renewed,
1415,1416,APAC,Enterprise,Renewal,65,7,0,Renewed,
1416,1417,North America,Commercial,Renewal,89,7,0,Churned,Poor Customer Support
1417,1418,North America,Enterprise,Renewal,73,6,0,Churned,Product Fit
1418,1419,EMEA,Commercial,Renewal,78,8,0,Renewed,
1419,1420,APAC,SMB,Renewal,66,5,0,Renewed,
1420,1421,North America,Strategic,Renewal,97,9,0,Renewed,
1421,1422,EMEA,Enterprise,Renewal,69,7,0,Renewed,
1422,1423,North America,Strategic,Expansion,76,6,5000,Renewed,
1423,1424,North America,SMB,Renewal,90,8,0,Renewed,
1424,1425,APAC,Strategic,Renewal,79,8,0,Renewed,
1425,1426,APAC,Enterprise,Renewal,78,6,0,Renewed,
1426,1427,North America,Enterprise,Expansion,45,5,5000,Renewed,
1427,1428,APAC,Enterprise,Renewal,85,7,0,Renewed,
1431,1432,EMEA,Strategic,Renewal,75,7,0,Renewed,
1433,1434,EMEA,Commercial,Renewal,83,9,0,Renewed,
1434,1435,North America,Enterprise,Renewal,77,7,0,Renewed,
1436,1437,North America,Commercial,Renewal,66,7,0,Renewed,
1438,1439,North America,Strategic,Renewal,88,7,0,Churned,Competitor Switch
1440,1441,APAC,Commercial,Renewal,77,7,0,Renewed,
1441,1442,North America,Enterprise,Renewal,55,4,0,Renewed,
1442,1443,EMEA,Commercial,Renewal,94,10,0,Renewed,
1443,1444,EMEA,Strategic,Expansion,53,6,5000,Renewed,
1444,1445,APAC,Strategic,Renewal,88,9,0,Renewed,
1445,1446,North America,Enterprise,Renewal,97,10,0,Renewed,
1446,1447,EMEA,Strategic,Renewal,58,6,0,Renewed,
1448,1449,APAC,Enterprise,Renewal,73,7,0,Renewed,
1449,1450,EMEA,SMB,Renewal,71,8,0,Churned,Product Fit
1450,1451,EMEA,Enterprise,Renewal,72,6,0,Renewed,
1451,1452,EMEA,Enterprise,Renewal,100,10,0,Renewed,
1452,1453,APAC,Enterprise,Renewal,58,4,0,Renewed,
1453,1454,EMEA,Commercial,Renewal,70,8,0,Renewed,
1455,1456,APAC,SMB,Renewal,97,8,0,Renewed,
1456,1457,EMEA,Enterprise,Renewal,70,7,0,Renewed,
1457,1458,EMEA,Enterprise,Renewal,60,6,0,Churned,Poor Customer Support
1458,1459,North America,Enterprise,Expansion,78,7,10000,Churned,Pricing
1459,1460,EMEA,Enterprise,Expansion,87,7,5000,Renewed,
1461,1462,EMEA,SMB,Renewal,69,6,0,Renewed,
1462,1463,North America,Enterprise,Renewal,83,7,0,Renewed,
1463,1464,EMEA,Enterprise,Renewal,54,6,0,Renewed,
1464,1465,APAC,SMB,Renewal,55,6,0,Renewed,
1465,1466,North America,Enterprise,Renewal,68,5,0,Renewed,
1469,1470,EMEA,SMB,Renewal,83,8,0,Renewed,
1471,1472,EMEA,Strategic,Renewal,86,7,0,Churned,Product Fit
1472,1473,APAC,Enterprise,Renewal,57,4,0,Renewed,
1474,1475,North America,Strategic,Renewal,85,7,0,Churned,Competitor Switch
1475,1476,EMEA,Strategic,Renewal,77,8,0,Renewed,
1476,1477,EMEA,Strategic,Renewal,61,5,0,Renewed,
1479,1480,EMEA,Commercial,Renewal,54,6,0,Churned,Poor Customer Support
1481,1482,North America,Enterprise,Renewal,78,6,0,Renewed,
1482,1483,EMEA,Commercial,Renewal,94,10,0,Renewed,
1485,1486,North America,Enterprise,Expansion,75,6,5000,Churned,Poor Customer Support
1486,1487,North America,Commercial,Renewal,60,5,0,Renewed,
1489,1490,EMEA,Commercial,Expansion,46,4,5000,Churned,Budget Constraints
1490,1491,North America,SMB,Renewal,97,9,0,Renewed,
1492,1493,North America,Strategic,Renewal,90,8,0,Renewed,
1493,1494,North America,Strategic,Renewal,79,6,0,Renewed,
1494,1495,EMEA,Enterprise,Renewal,97,8,0,Renewed,
1495,1496,EMEA,Commercial,Renewal,78,6,0,Churned,Product Fit
1496,1497,EMEA,Strategic,Renewal,67,6,0,Renewed,
1498,1499,North America,SMB,Renewal,83,9,0,Renewed,
1500,1501,EMEA,Commercial,Renewal,62,5,0,Churned,Budget Constraints
1501,1502,EMEA,Strategic,Renewal,60,6,0,Churned,Poor Customer Support
1502,1503,North America,Strategic,Renewal,86,7,0,Renewed,
1503,1504,North America,SMB,Renewal,87,7,0,Renewed,
1504,1505,North America,Strategic,Renewal,55,6,0,Renewed,
1505,1506,North America,Enterprise,Renewal,56,4,0,Renewed,
1506,1507,EMEA,Strategic,Renewal,68,5,0,Renewed,
1507,1508,EMEA,Enterprise,Renewal,64,7,0,Renewed,
1508,1509,EMEA,Strategic,Renewal,82,9,0,Renewed,
1509,1510,EMEA,SMB,Renewal,75,8,0,Renewed,
1510,1511,EMEA,Commercial,Renewal,92,10,0,Renewed,
1511,1512,EMEA,SMB,Expansion,79,7,100000,Renewed,
1514,1515,North America,Strategic,Renewal,65,6,0,Renewed,
1518,1519,North America,SMB,Renewal,46,4,0,Churned,Competitor Switch
1521,1522,APAC,Enterprise,Renewal,77,6,0,Renewed,
1523,1524,North America,SMB,Renewal,49,5,0,Renewed,
1524,1525,EMEA,SMB,Renewal,65,7,0,Churned,Product Fit
1525,1526,North America,SMB,Renewal,64,6,0,Renewed,
1527,1528,North America,Strategic,Renewal,67,5,0,Renewed,
1528,1529,EMEA,Strategic,Renewal,55,4,0,Renewed,
1529,1530,EMEA,Commercial,Renewal,64,5,0,Renewed,
1530,1531,North America,Commercial,Renewal,92,9,0,Renewed,
1531,1532,EMEA,Strategic,Renewal,92,8,0,Renewed,
1534,1535,EMEA,Commercial,Renewal,97,8,0,Renewed,
1535,1536,North America,SMB,Renewal,75,6,0,Churned,Product Fit
1536,1537,North America,Commercial,Renewal,79,8,0,Renewed,
1538,1539,North America,Enterprise,Renewal,92,9,0,Renewed,
1539,1540,EMEA,SMB,Renewal,52,6,0,Renewed,
1540,1541,EMEA,Commercial,Renewal,87,9,0,Renewed,
1545,1546,EMEA,SMB,Renewal,94,9,0,Renewed,
1546,1547,EMEA,SMB,Renewal,61,7,0,Renewed,
1547,1548,EMEA,Enterprise,Renewal,95,8,0,Renewed,
1548,1549,North America,Commercial,Renewal,100,9,0,Renewed,
1549,1550,EMEA,Enterprise,Renewal,86,7,0,Renewed,
1550,1551,APAC,Strategic,Renewal,83,7,0,Renewed,
1551,1552,EMEA,SMB,Renewal,58,5,0,Renewed,
1552,1553,EMEA,Enterprise,Expansion,91,10,100000,Renewed,
1556,1557,EMEA,Commercial,Renewal,59,6,0,Renewed,
1558,1559,EMEA,SMB,Renewal,80,7,0,Renewed,
1560,1561,North America,Commercial,Renewal,82,7,0,Churned,Product Fit
1561,1562,North America,Strategic,Expansion,25,3,5000,Churned,Budget Constraints
1562,1563,EMEA,SMB,Renewal,81,8,0,Renewed,
1563,1564,North America,Commercial,Renewal,100,10,0,Renewed,
1564,1565,EMEA,Enterprise,Expansion,43,3,50000,Churned,Competitor Switch
1565,1566,EMEA,Enterprise,Renewal,74,6,0,Renewed,
1569,1570,EMEA,Strategic,Expansion,45,4,5000,Churned,Competitor Switch
1570,1571,EMEA,Commercial,Expansion,61,7,25000,Renewed,
1571,1572,North America,Enterprise,Renewal,46,4,0,Churned,Product Fit
1575,1576,North America,Commercial,Renewal,77,7,0,Renewed,
1577,1578,EMEA,Enterprise,Expansion,86,7,50000,Renewed,
1578,1579,EMEA,Enterprise,Expansion,81,9,10000,Renewed,
1579,1580,EMEA,Enterprise,Renewal,61,5,0,Churned,Pricing
1580,1581,North America,Enterprise,Renewal,65,7,0,Renewed,
1581,1582,North America,Strategic,Renewal,79,6,0,Renewed,
1584,1585,APAC,Commercial,Renewal,61,5,0,Renewed,
1585,1586,North America,Commercial,Renewal,55,6,0,Renewed,
1586,1587,EMEA,Enterprise,Renewal,71,8,0,Renewed,
1587,1588,EMEA,Strategic,Renewal,60,5,0,Renewed,
1588,1589,EMEA,SMB,Expansion,81,9,10000,Renewed,
1590,1591,EMEA,Strategic,Renewal,94,8,0,Renewed,
1591,1592,APAC,SMB,Renewal,100,10,0,Renewed,
1592,1593,North America,Enterprise,Renewal,80,7,0,Renewed,
1593,1594,North America,Enterprise,Expansion,84,7,5000,Renewed,
1594,1595,EMEA,Enterprise,Renewal,66,5,0,Renewed,
1595,1596,EMEA,Enterprise,Renewal,66,6,0,Renewed,
1596,1597,North America,Commercial,Renewal,94,10,0,Renewed,
1600,1601,North America,SMB,Renewal,70,6,0,Churned,Pricing
1601,1602,North America,Enterprise,Renewal,76,7,0,Renewed,
1602,1603,North America,SMB,Renewal,93,8,0,Renewed,
1604,1605,North America,Commercial,Renewal,70,7,0,Renewed,
1605,1606,EMEA,SMB,Renewal,97,8,0,Renewed,
1608,1609,North America,Strategic,Renewal,83,7,0,Renewed,
1609,1610,EMEA,Strategic,Renewal,81,8,0,Renewed,
1610,1611,APAC,Enterprise,Renewal,65,6,0,Renewed,
1613,1614,North America,Strategic,Renewal,82,9,0,Renewed,
1614,1615,North America,Commercial,Renewal,68,7,0,Renewed,
1617,1618,EMEA,Strategic,Renewal,82,8,0,Renewed,
1618,1619,EMEA,Strategic,Renewal,73,8,0,Renewed,
1619,1620,EMEA,SMB,Renewal,89,8,0,Renewed,
1620,1621,EMEA,Enterprise,Renewal,74,8,0,Renewed,
1621,1622,North America,Commercial,Expansion,100,9,10000,Renewed,
1624,1625,North America,Commercial,Renewal,70,8,0,Renewed,
1626,1627,North America,SMB,Renewal,66,5,0,Renewed,
1627,1628,EMEA,Strategic,Renewal,80,7,0,Renewed,
1628,1629,North America,Strategic,Renewal,91,10,0,Renewed,
1629,1630,EMEA,Enterprise,Renewal,91,9,0,Renewed,
1631,1632,North America,SMB,Renewal,77,6,0,Renewed,
1632,1633,EMEA,Enterprise,Renewal,80,7,0,Renewed,
1633,1634,EMEA,Commercial,Renewal,80,9,0,Renewed,
1634,1635,APAC,SMB,Renewal,58,5,0,Renewed,
1635,1636,North America,Enterprise,Renewal,90,9,0,Renewed,
1636,1637,North America,Strategic,Renewal,56,6,0,Renewed,
1638,1639,APAC,Commercial,Renewal,58,5,0,Renewed,
1639,1640,APAC,Commercial,Renewal,75,8,0,Renewed,
1640,1641,EMEA,Commercial,Renewal,70,8,0,Renewed,
1642,1643,EMEA,Enterprise,Renewal,86,9,0,Renewed,
1643,1644,EMEA,Enterprise,Renewal,81,7,0,Renewed,
1644,1645,North America,Strategic,Renewal,77,6,0,Renewed,
1645,1646,EMEA,SMB,Renewal,58,4,0,Renewed,
1646,1647,North America,Enterprise,Renewal,75,8,0,Renewed,
1649,1650,EMEA,Strategic,Renewal,74,6,0,Renewed,
1652,1653,North America,Strategic,Renewal,78,6,0,Churned,Product Fit
1653,1654,North America,SMB,Renewal,68,5,0,Churned,Pricing
1654,1655,North America,SMB,Renewal,82,9,0,Renewed,
1655,1656,APAC,Commercial,Renewal,69,7,0,Renewed,
1658,1659,North America,Enterprise,Expansion,81,9,5000,Renewed,
1660,1661,EMEA,Enterprise,Renewal,86,7,0,Renewed,
1661,1662,EMEA,Enterprise,Renewal,66,6,0,Renewed,
1663,1664,EMEA,SMB,Renewal,63,5,0,Renewed,
1668,1669,North America,SMB,Renewal,82,7,0,Renewed,
1671,1672,APAC,SMB,Renewal,55,6,0,Renewed,
1673,1674,EMEA,SMB,Renewal,91,10,0,Renewed,
1674,1675,EMEA,Enterprise,Expansion,75,6,5000,Renewed,
1675,1676,North America,Commercial,Renewal,73,6,0,Renewed,
1676,1677,North America,SMB,Renewal,83,8,0,Renewed,
1677,1678,EMEA,Commercial,Renewal,82,8,0,Renewed,
1679,1680,EMEA,Commercial,Renewal,75,8,0,Renewed,
1680,1681,North America,Strategic,Renewal,88,8,0,Renewed,
1681,1682,APAC,SMB,Renewal,64,6,0,Renewed,
1682,1683,EMEA,Strategic,Expansion,85,9,5000,Renewed,
1683,1684,EMEA,Commercial,Renewal,58,5,0,Renewed,
1684,1685,North America,Enterprise,Renewal,82,7,0,Renewed,
1686,1687,APAC,Strategic,Renewal,70,7,0,Renewed,
1687,1688,EMEA,Commercial,Expansion,55,6,5000,Renewed,
1688,1689,EMEA,SMB,Renewal,78,6,0,Churned,Poor Customer Support
1690,1691,North America,Strategic,Renewal,74,7,0,Churned,Poor Customer Support
1691,1692,EMEA,Enterprise,Renewal,51,4,0,Renewed,
1693,1694,North America,Commercial,Renewal,43,3,0,Churned,Competitor Switch
1695,1696,North America,SMB,Renewal,72,7,0,Renewed,
1696,1697,North America,Strategic,Renewal,99,9,0,Renewed,
1697,1698,North America,Enterprise,Renewal,79,8,0,Renewed,
1698,1699,APAC,Strategic,Expansion,64,7,50000,Renewed,
1699,1700,EMEA,Commercial,Renewal,91,8,0,Renewed,
1700,1701,APAC,Enterprise,Renewal,88,9,0,Renewed,
1701,1702,EMEA,Enterprise,Renewal,94,8,0,Renewed,
1702,1703,North America,Commercial,Renewal,85,7,0,Renewed,
1703,1704,EMEA,Strategic,Renewal,88,9,0,Renewed,
1704,1705,EMEA,Strategic,Expansion,85,9,10000,Renewed,
1705,1706,North America,Strategic,Renewal,67,7,0,Churned,Poor Customer Support
1707,1708,North America,Commercial,Renewal,50,5,0,Renewed,
1709,1710,EMEA,Strategic,Expansion,67,5,25000,Renewed,
1710,1711,North America,SMB,Renewal,91,8,0,Renewed,
1711,1712,North America,Enterprise,Expansion,69,5,25000,Renewed,
1712,1713,EMEA,Enterprise,Renewal,72,8,0,Renewed,
1713,1714,EMEA,Enterprise,Expansion,57,6,5000,Renewed,
1715,1716,APAC,Commercial,Renewal,66,7,0,Renewed,
1716,1717,North America,Commercial,Renewal,74,8,0,Renewed,
1717,1718,EMEA,SMB,Renewal,82,9,0,Renewed,
1718,1719,APAC,Commercial,Renewal,68,6,0,Renewed,
1719,1720,North America,Commercial,Renewal,67,7,0,Renewed,
1720,1721,North America,Commercial,Renewal,87,7,0,Renewed,
1721,1722,North America,Strategic,Renewal,79,8,0,Churned,Product Fit
1723,1724,North America,SMB,Renewal,81,7,0,Renewed,
1724,1725,EMEA,Commercial,Renewal,97,10,0,Renewed,
1726,1727,EMEA,SMB,Renewal,67,7,0,Churned,Budget Constraints
1727,1728,APAC,SMB,Renewal,74,6,0,Renewed,
1728,1729,EMEA,SMB,Renewal,83,7,0,Renewed,
1729,1730,EMEA,Enterprise,Expansion,61,5,5000,Renewed,
1731,1732,EMEA,Strategic,Renewal,78,6,0,Renewed,
1733,1734,EMEA,Enterprise,Renewal,75,7,0,Churned,Pricing
1737,1738,North America,Strategic,Renewal,100,9,0,Renewed,
1738,1739,North America,Strategic,Renewal,76,8,0,Churned,Budget Constraints
1739,1740,EMEA,Enterprise,Renewal,92,10,0,Renewed,
1741,1742,EMEA,Strategic,Renewal,87,8,0,Renewed,
1743,1744,North America,SMB,Expansion,57,4,10000,Renewed,
1744,1745,EMEA,SMB,Renewal,51,6,0,Renewed,
1747,1748,North America,Commercial,Expansion,78,7,10000,Renewed,
1748,1749,EMEA,Commercial,Expansion,93,10,10000,Renewed,
1750,1751,EMEA,Strategic,Renewal,79,7,0,Churned,Pricing
1752,1753,North America,Commercial,Renewal,76,7,0,Renewed,
1754,1755,APAC,Commercial,Expansion,70,6,5000,Renewed,
1755,1756,EMEA,SMB,Renewal,55,5,0,Renewed,
1757,1758,EMEA,Commercial,Renewal,60,7,0,Renewed,
1758,1759,North America,Commercial,Renewal,50,6,0,Churned,Competitor Switch
1759,1760,EMEA,Strategic,Renewal,58,4,0,Renewed,
1761,1762,EMEA,Enterprise,Expansion,67,5,100000,Renewed,
1762,1763,North America,Enterprise,Expansion,86,8,5000,Renewed,
1763,1764,EMEA,Commercial,Renewal,68,5,0,Renewed,
1766,1767,EMEA,Enterprise,Renewal,78,8,0,Renewed,
1767,1768,EMEA,Commercial,Renewal,77,8,0,Renewed,
1768,1769,North America,SMB,Renewal,82,7,0,Renewed,
1769,1770,North America,SMB,Expansion,59,4,100000,Churned,Product Fit
1772,1773,APAC,Commercial,Renewal,90,8,0,Renewed,
1774,1775,EMEA,Enterprise,Renewal,53,5,0,Renewed,
1775,1776,North America,Strategic,Renewal,68,6,0,Renewed,
1777,1778,EMEA,Enterprise,Renewal,74,8,0,Renewed,
1779,1780,EMEA,Strategic,Renewal,86,8,0,Renewed,
1781,1782,APAC,Commercial,Renewal,95,9,0,Renewed,
1782,1783,EMEA,SMB,Renewal,86,8,0,Renewed,
1783,1784,EMEA,Strategic,Renewal,96,9,0,Renewed,
1784,1785,EMEA,Strategic,Renewal,62,7,0,Renewed,
1785,1786,APAC,SMB,Expansion,92,8,5000,Renewed,
1786,1787,EMEA,Enterprise,Renewal,90,10,0,Renewed,
1788,1789,North America,SMB,Expansion,39,3,10000,Churned,Budget Constraints
1789,1790,EMEA,Strategic,Renewal,71,6,0,Churned,Competitor Switch
1790,1791,North America,Commercial,Renewal,84,7,0,Renewed,
1792,1793,EMEA,Enterprise,Expansion,67,5,50000,Renewed,
1793,1794,EMEA,Enterprise,Expansion,58,6,5000,Renewed,
1794,1795,North America,SMB,Renewal,100,9,0,Renewed,
1796,1797,EMEA,Enterprise,Renewal,76,8,0,Renewed,
1797,1798,North America,SMB,Expansion,77,8,75000,Renewed,
1798,1799,North America,SMB,Expansion,55,5,10000,Churned,Pricing
1799,1800,North America,Enterprise,Renewal,65,6,0,Renewed,
1800,1801,APAC,Commercial,Renewal,61,5,0,Renewed,
1801,1802,EMEA,Strategic,Renewal,91,8,0,Renewed,
1802,1803,North America,Strategic,Renewal,82,8,0,Renewed,
1804,1805,North America,Commercial,Renewal,66,7,0,Renewed,
1805,1806,EMEA,Strategic,Renewal,83,9,0,Renewed,
1806,1807,EMEA,Commercial,Renewal,71,7,0,Renewed,
1807,1808,North America,Commercial,Expansion,78,8,5000,Renewed,
1809,1810,North America,SMB,Renewal,78,7,0,Churned,Competitor Switch
1810,1811,EMEA,Enterprise,Renewal,81,8,0,Renewed,
1811,1812,EMEA,Enterprise,Expansion,79,6,25000,Renewed,
1813,1814,North America,Enterprise,Renewal,81,7,0,Renewed,
1814,1815,North America,Commercial,Renewal,93,9,0,Renewed,
1815,1816,APAC,Enterprise,Renewal,84,7,0,Renewed,
1816,1817,North America,Commercial,Renewal,69,6,0,Renewed,
1817,1818,EMEA,Strategic,Renewal,73,8,0,Renewed,
1818,1819,EMEA,Strategic,Expansion,93,10,5000,Renewed,
1819,1820,North America,Enterprise,Renewal,76,8,0,Churned,Product Fit
1821,1822,North America,Commercial,Renewal,69,7,0,Renewed,
1824,1825,EMEA,Commercial,Renewal,65,6,0,Churned,Budget Constraints
1825,1826,EMEA,SMB,Renewal,79,8,0,Renewed,
1827,1828,APAC,Enterprise,Renewal,62,7,0,Renewed,
1828,1829,EMEA,Strategic,Renewal,94,10,0,Renewed,
1829,1830,North America,Commercial,Renewal,59,6,0,Renewed,
1830,1831,APAC,Commercial,Expansion,97,9,5000,Renewed,
1831,1832,EMEA,Strategic,Renewal,70,8,0,Renewed,
1833,1834,EMEA,Commercial,Renewal,58,4,0,Renewed,
1835,1836,EMEA,Commercial,Renewal,77,6,0,Renewed,
1837,1838,North America,SMB,Renewal,60,5,0,Renewed,
1840,1841,North America,Enterprise,Renewal,75,6,0,Renewed,
1841,1842,EMEA,SMB,Renewal,66,5,0,Churned,Budget Constraints
1842,1843,EMEA,Enterprise,Renewal,89,7,0,Renewed,
1843,1844,EMEA,Commercial,Renewal,77,7,0,Churned,Pricing
1845,1846,North America,Enterprise,Renewal,57,4,0,Renewed,
1846,1847,North America,Strategic,Renewal,66,7,0,Renewed,
1848,1849,APAC,Enterprise,Renewal,85,7,0,Renewed,
1849,1850,EMEA,SMB,Renewal,94,9,0,Renewed,
1850,1851,North America,Commercial,Renewal,74,6,0,Renewed,
1851,1852,EMEA,SMB,Expansion,59,6,5000,Churned,Pricing
1854,1855,APAC,Enterprise,Renewal,90,10,0,Renewed,
1856,1857,EMEA,Commercial,Renewal,85,8,0,Renewed,
1857,1858,EMEA,Enterprise,Renewal,94,9,0,Renewed,
1858,1859,EMEA,Commercial,Renewal,79,7,0,Renewed,
1859,1860,EMEA,Strategic,Renewal,67,6,0,Churned,Pricing
1860,1861,EMEA,Strategic,Renewal,82,7,0,Churned,Product Fit
1861,1862,EMEA,Enterprise,Renewal,79,6,0,Renewed,
1862,1863,North America,Commercial,Renewal,66,7,0,Churned,Competitor Switch
1863,1864,EMEA,Commercial,Renewal,77,7,0,Renewed,
1865,1866,APAC,Commercial,Renewal,72,7,0,Churned,Competitor Switch
1867,1868,North America,Enterprise,Renewal,86,7,0,Renewed,
1869,1870,EMEA,SMB,Renewal,82,8,0,Renewed,
1870,1871,EMEA,Commercial,Renewal,59,6,0,Renewed,
1871,1872,North America,SMB,Renewal,57,6,0,Churned,Product Fit
1874,1875,EMEA,SMB,Renewal,73,7,0,Renewed,
1875,1876,EMEA,Commercial,Renewal,75,8,0,Renewed,
1878,1879,North America,Enterprise,Renewal,86,9,0,Renewed,
1879,1880,EMEA,Commercial,Renewal,82,7,0,Renewed,
1880,1881,EMEA,Enterprise,Renewal,96,10,0,Renewed,
1882,1883,EMEA,Strategic,Renewal,67,6,0,Renewed,
1883,1884,EMEA,Commercial,Expansion,67,6,10000,Renewed,
1884,1885,North America,Strategic,Renewal,60,7,0,Renewed,
1885,1886,EMEA,Strategic,Renewal,86,8,0,Renewed,
1886,1887,North America,Strategic,Renewal,75,6,0,Renewed,
1887,1888,North America,Enterprise,Expansion,47,5,10000,Renewed,
1889,1890,APAC,Commercial,Renewal,78,8,0,Renewed,
1891,1892,EMEA,Enterprise,Renewal,78,8,0,Renewed,
1892,1893,EMEA,Enterprise,Renewal,72,7,0,Renewed,
1893,1894,North America,Commercial,Renewal,79,7,0,Renewed,
1894,1895,EMEA,Enterprise,Renewal,56,6,0,Churned,Product Fit
1895,1896,EMEA,Strategic,Renewal,99,9,0,Renewed,
1896,1897,EMEA,SMB,Expansion,80,8,50000,Renewed,
1897,1898,North America,Strategic,Renewal,48,5,0,Renewed,
1898,1899,North America,Enterprise,Expansion,74,8,50000,Renewed,
1899,1900,EMEA,Strategic,Renewal,81,8,0,Renewed,
1901,1902,North America,Commercial,Renewal,58,6,0,Churned,Pricing
1902,1903,EMEA,Strategic,Renewal,83,9,0,Renewed,
1903,1904,North America,Commercial,Renewal,100,10,0,Renewed,
1904,1905,EMEA,Strategic,Renewal,65,7,0,Renewed,
1906,1907,APAC,Enterprise,Renewal,81,8,0,Renewed,
1908,1909,North America,Enterprise,Renewal,78,8,0,Renewed,
1909,1910,North America,Commercial,Renewal,89,7,0,Renewed,
1910,1911,North America,SMB,Renewal,73,8,0,Churned,Pricing
1911,1912,APAC,Commercial,Expansion,58,4,10000,Renewed,
1913,1914,North America,Strategic,Renewal,88,9,0,Renewed,
1914,1915,EMEA,Strategic,Renewal,59,4,0,Renewed,
1915,1916,EMEA,Commercial,Renewal,100,9,0,Renewed,
1916,1917,APAC,Enterprise,Expansion,83,9,25000,Renewed,
1918,1919,North America,Enterprise,Renewal,66,7,0,Renewed,
1919,1920,EMEA,Strategic,Renewal,91,10,0,Renewed,
1920,1921,EMEA,Strategic,Renewal,74,6,0,Renewed,
1921,1922,North America,Commercial,Expansion,71,7,5000,Renewed,
1922,1923,EMEA,Strategic,Renewal,64,6,0,Renewed,
1924,1925,EMEA,Strategic,Renewal,46,5,0,Renewed,
1930,1931,EMEA,Strategic,Renewal,84,8,0,Renewed,
1931,1932,EMEA,SMB,Renewal,50,5,0,Renewed,
1932,1933,EMEA,Enterprise,Renewal,63,7,0,Renewed,
1933,1934,EMEA,Commercial,Expansion,81,7,10000,Renewed,
1934,1935,EMEA,Commercial,Renewal,67,7,0,Renewed,
1937,1938,EMEA,SMB,Renewal,77,7,0,Churned,Budget Constraints
1938,1939,EMEA,SMB,Renewal,56,4,0,Renewed,
1939,1940,North America,Commercial,Renewal,69,6,0,Renewed,
1940,1941,North America,Strategic,Renewal,77,6,0,Churned,Pricing
1941,1942,North America,Strategic,Renewal,60,6,0,Renewed,
1942,1943,EMEA,SMB,Renewal,100,10,0,Renewed,
1944,1945,EMEA,SMB,Expansion,65,6,10000,Renewed,
1945,1946,EMEA,SMB,Renewal,95,9,0,Renewed,
1946,1947,EMEA,Enterprise,Renewal,72,6,0,Renewed,
1947,1948,North America,Enterprise,Renewal,51,5,0,Renewed,
1950,1951,North America,SMB,Renewal,57,6,0,Churned,Competitor Switch
1951,1952,North America,Strategic,Renewal,77,8,0,Renewed,
1954,1955,APAC,Commercial,Renewal,90,10,0,Renewed,
1956,1957,EMEA,Strategic,Renewal,100,9,0,Renewed,
1957,1958,EMEA,Commercial,Renewal,76,6,0,Renewed,
1960,1961,North America,Enterprise,Renewal,57,5,0,Renewed,
1961,1962,EMEA,Commercial,Expansion,79,7,10000,Renewed,
1962,1963,EMEA,SMB,Renewal,62,6,0,Renewed,
1964,1965,EMEA,SMB,Renewal,80,7,0,Renewed,
1966,1967,North America,Commercial,Expansion,60,5,5000,Renewed,
1967,1968,North America,SMB,Renewal,43,4,0,Churned,Pricing
1968,1969,North America,Enterprise,Expansion,94,8,5000,Renewed,
1971,1972,EMEA,Enterprise,Renewal,71,6,0,Renewed,
1974,1975,North America,Commercial,Renewal,75,8,0,Churned,Competitor Switch
1975,1976,APAC,Strategic,Expansion,89,9,5000,Renewed,
1976,1977,North America,Commercial,Renewal,100,10,0,Renewed,
1977,1978,EMEA,Enterprise,Renewal,85,8,0,Renewed,
1978,1979,APAC,SMB,Renewal,76,8,0,Renewed,
1979,1980,EMEA,Commercial,Renewal,81,7,0,Renewed,
1981,1982,EMEA,Strategic,Renewal,70,7,0,Renewed,
1982,1983,EMEA,Commercial,Expansion,75,7,50000,Renewed,
1983,1984,EMEA,Commercial,Renewal,77,7,0,Renewed,
1984,1985,North America,Strategic,Renewal,63,5,0,Renewed,
1985,1986,North America,Strategic,Renewal,75,8,0,Renewed,
1986,1987,EMEA,SMB,Renewal,80,8,0,Renewed,
1987,1988,EMEA,Enterprise,Expansion,82,9,25000,Renewed,
1990,1991,EMEA,SMB,Renewal,81,9,0,Renewed,
1991,1992,North America,Commercial,Renewal,54,4,0,Renewed,
1992,1993,EMEA,Strategic,Renewal,93,8,0,Renewed,
1993,1994,North America,SMB,Renewal,92,8,0,Renewed,
1994,1995,EMEA,Enterprise,Renewal,73,6,0,Churned,Poor Customer Support
1996,1997,APAC,Commercial,Renewal,81,7,0,Renewed,
1998,1999,North America,Enterprise,Renewal,71,6,0,Renewed,
1999,2000,North America,SMB,Renewal,86,8,0,Renewed,
